source_workbook,source_sheet,source_row_number,cow_id,replication,thi_category,genetic_group,partition,group_cv_fold,random_seed,split_version
"DMI, milk yield and composition.xlsx",Sheet1,2,102,1,T0,Local,development,5,42,bangladesh_group_split_v1
"DMI, milk yield and composition.xlsx",Sheet1,3,102,2,T0,Local,development,5,42,bangladesh_group_split_v1
"DMI, milk yield and composition.xlsx",Sheet1,4,102,3,T0,Local,development,5,42,bangladesh_group_split_v1
"DMI, milk yield and composition.xlsx",Sheet1,5,102,4,T0,Local,development,5,42,bangladesh_group_split_v1
"DMI, milk yield and composition.xlsx",Sheet1,6,102,5,T0,Local,development,5,42,bangladesh_group_split_v1
"DMI, milk yield and composition.xlsx",Sheet1,7,102,1,T1,Local,development,5,42,bangladesh_group_split_v1
"DMI, milk yield and composition.xlsx",Sheet1,8,102,2,T1,Local,development,5,42,bangladesh_group_split_v1
"DMI, milk yield and composition.xlsx",Sheet1,9,102,3,T1,Local,development,5,42,bangladesh_group_split_v1
"DMI, milk yield and composition.xlsx",Sheet1,10,102,4,T1,Local,development,5,42,bangladesh_group_split_v1
"DMI, milk yield and composition.xlsx",Sheet1,11,102,5,T1,Local,development,5,42,bangladesh_group_split_v1
"DMI, milk yield and composition.xlsx",Sheet1,12,102,1,T2,Local,development,5,42,bangladesh_group_split_v1
"DMI, milk yield and composition.xlsx",Sheet1,13,102,2,T2,Local,development,5,42,bangladesh_group_split_v1
"DMI, milk yield and composition.xlsx",Sheet1,14,102,3,T2,Local,development,5,42,bangladesh_group_split_v1
"DMI, milk yield and composition.xlsx",Sheet1,15,102,4,T2,Local,development,5,42,bangladesh_group_split_v1
"DMI, milk yield and composition.xlsx",Sheet1,16,102,5,T2,Local,development,5,42,bangladesh_group_split_v1
"DMI, milk yield and composition.xlsx",Sheet1,17,103,1,T0,Local,development,4,42,bangladesh_group_split_v1
"DMI, milk yield and composition.xlsx",Sheet1,18,103,2,T0,Local,development,4,42,bangladesh_group_split_v1
"DMI, milk yield and composition.xlsx",Sheet1,19,103,3,T0,Local,development,4,42,bangladesh_group_split_v1
"DMI, milk yield and composition.xlsx",Sheet1,20,103,4,T0,Local,development,4,42,bangladesh_group_split_v1
"DMI, milk yield and composition.xlsx",Sheet1,21,103,5,T0,Local,development,4,42,bangladesh_group_split_v1
"DMI, milk yield and composition.xlsx",Sheet1,22,103,1,T1,Local,development,4,42,bangladesh_group_split_v1
"DMI, milk yield and composition.xlsx",Sheet1,23,103,2,T1,Local,development,4,42,bangladesh_group_split_v1
"DMI, milk yield and composition.xlsx",Sheet1,24,103,3,T1,Local,development,4,42,bangladesh_group_split_v1
"DMI, milk yield and composition.xlsx",Sheet1,25,103,4,T1,Local,development,4,42,bangladesh_group_split_v1
"DMI, milk yield and composition.xlsx",Sheet1,26,103,5,T1,Local,development,4,42,bangladesh_group_split_v1
"DMI, milk yield and composition.xlsx",Sheet1,27,103,1,T2,Local,development,4,42,bangladesh_group_split_v1
"DMI, milk yield and composition.xlsx",Sheet1,28,103,2,T2,Local,development,4,42,bangladesh_group_split_v1
"DMI, milk yield and composition.xlsx",Sheet1,29,103,3,T2,Local,development,4,42,bangladesh_group_split_v1
"DMI, milk yield and composition.xlsx",Sheet1,30,103,4,T2,Local,development,4,42,bangladesh_group_split_v1
"DMI, milk yield and composition.xlsx",Sheet1,31,103,5,T2,Local,development,4,42,bangladesh_group_split_v1
"DMI, milk yield and composition.xlsx",Sheet1,32,104,1,T0,Local,development,3,42,bangladesh_group_split_v1
"DMI, milk yield and composition.xlsx",Sheet1,33,104,2,T0,Local,development,3,42,bangladesh_group_split_v1
"DMI, milk yield and composition.xlsx",Sheet1,34,104,3,T0,Local,development,3,42,bangladesh_group_split_v1
"DMI, milk yield and composition.xlsx",Sheet1,35,104,4,T0,Local,development,3,42,bangladesh_group_split_v1
"DMI, milk yield and composition.xlsx",Sheet1,36,104,5,T0,Local,development,3,42,bangladesh_group_split_v1
"DMI, milk yield and composition.xlsx",Sheet1,37,104,1,T1,Local,development,3,42,bangladesh_group_split_v1
"DMI, milk yield and composition.xlsx",Sheet1,38,104,2,T1,Local,development,3,42,bangladesh_group_split_v1
"DMI, milk yield and composition.xlsx",Sheet1,39,104,3,T1,Local,development,3,42,bangladesh_group_split_v1
"DMI, milk yield and composition.xlsx",Sheet1,40,104,4,T1,Local,development,3,42,bangladesh_group_split_v1
"DMI, milk yield and composition.xlsx",Sheet1,41,104,5,T1,Local,development,3,42,bangladesh_group_split_v1
"DMI, milk yield and composition.xlsx",Sheet1,42,104,1,T2,Local,development,3,42,bangladesh_group_split_v1
"DMI, milk yield and composition.xlsx",Sheet1,43,104,2,T2,Local,development,3,42,bangladesh_group_split_v1
"DMI, milk yield and composition.xlsx",Sheet1,44,104,3,T2,Local,development,3,42,bangladesh_group_split_v1
"DMI, milk yield and composition.xlsx",Sheet1,45,104,4,T2,Local,development,3,42,bangladesh_group_split_v1
"DMI, milk yield and composition.xlsx",Sheet1,46,104,5,T2,Local,development,3,42,bangladesh_group_split_v1
"DMI, milk yield and composition.xlsx",Sheet1,47,105,1,T0,Local,development,2,42,bangladesh_group_split_v1
"DMI, milk yield and composition.xlsx",Sheet1,48,105,2,T0,Local,development,2,42,bangladesh_group_split_v1
"DMI, milk yield and composition.xlsx",Sheet1,49,105,3,T0,Local,development,2,42,bangladesh_group_split_v1
"DMI, milk yield and composition.xlsx",Sheet1,50,105,4,T0,Local,development,2,42,bangladesh_group_split_v1
"DMI, milk yield and composition.xlsx",Sheet1,51,105,5,T0,Local,development,2,42,bangladesh_group_split_v1
"DMI, milk yield and composition.xlsx",Sheet1,52,105,1,T1,Local,development,2,42,bangladesh_group_split_v1
"DMI, milk yield and composition.xlsx",Sheet1,53,105,2,T1,Local,development,2,42,bangladesh_group_split_v1
"DMI, milk yield and composition.xlsx",Sheet1,54,105,3,T1,Local,development,2,42,bangladesh_group_split_v1
"DMI, milk yield and composition.xlsx",Sheet1,55,105,4,T1,Local,development,2,42,bangladesh_group_split_v1
"DMI, milk yield and composition.xlsx",Sheet1,56,105,5,T1,Local,development,2,42,bangladesh_group_split_v1
"DMI, milk yield and composition.xlsx",Sheet1,57,105,1,T2,Local,development,2,42,bangladesh_group_split_v1
"DMI, milk yield and composition.xlsx",Sheet1,58,105,2,T2,Local,development,2,42,bangladesh_group_split_v1
"DMI, milk yield and composition.xlsx",Sheet1,59,105,3,T2,Local,development,2,42,bangladesh_group_split_v1
"DMI, milk yield and composition.xlsx",Sheet1,60,105,4,T2,Local,development,2,42,bangladesh_group_split_v1
"DMI, milk yield and composition.xlsx",Sheet1,61,105,5,T2,Local,development,2,42,bangladesh_group_split_v1
"DMI, milk yield and composition.xlsx",Sheet1,62,106,1,T0,Local,development,1,42,bangladesh_group_split_v1
"DMI, milk yield and composition.xlsx",Sheet1,63,106,2,T0,Local,development,1,42,bangladesh_group_split_v1
"DMI, milk yield and composition.xlsx",Sheet1,64,106,3,T0,Local,development,1,42,bangladesh_group_split_v1
"DMI, milk yield and composition.xlsx",Sheet1,65,106,4,T0,Local,development,1,42,bangladesh_group_split_v1
"DMI, milk yield and composition.xlsx",Sheet1,66,106,5,T0,Local,development,1,42,bangladesh_group_split_v1
"DMI, milk yield and composition.xlsx",Sheet1,67,106,1,T1,Local,development,1,42,bangladesh_group_split_v1
"DMI, milk yield and composition.xlsx",Sheet1,68,106,2,T1,Local,development,1,42,bangladesh_group_split_v1
"DMI, milk yield and composition.xlsx",Sheet1,69,106,3,T1,Local,development,1,42,bangladesh_group_split_v1
"DMI, milk yield and composition.xlsx",Sheet1,70,106,4,T1,Local,development,1,42,bangladesh_group_split_v1
"DMI, milk yield and composition.xlsx",Sheet1,71,106,5,T1,Local,development,1,42,bangladesh_group_split_v1
"DMI, milk yield and composition.xlsx",Sheet1,72,106,1,T2,Local,development,1,42,bangladesh_group_split_v1
"DMI, milk yield and composition.xlsx",Sheet1,73,106,2,T2,Local,development,1,42,bangladesh_group_split_v1
"DMI, milk yield and composition.xlsx",Sheet1,74,106,3,T2,Local,development,1,42,bangladesh_group_split_v1
"DMI, milk yield and composition.xlsx",Sheet1,75,106,4,T2,Local,development,1,42,bangladesh_group_split_v1
"DMI, milk yield and composition.xlsx",Sheet1,76,106,5,T2,Local,development,1,42,bangladesh_group_split_v1
"DMI, milk yield and composition.xlsx",Sheet1,77,107,1,T0,Local,development,5,42,bangladesh_group_split_v1
"DMI, milk yield and composition.xlsx",Sheet1,78,107,2,T0,Local,development,5,42,bangladesh_group_split_v1
"DMI, milk yield and composition.xlsx",Sheet1,79,107,3,T0,Local,development,5,42,bangladesh_group_split_v1
"DMI, milk yield and composition.xlsx",Sheet1,80,107,4,T0,Local,development,5,42,bangladesh_group_split_v1
"DMI, milk yield and composition.xlsx",Sheet1,81,107,5,T0,Local,development,5,42,bangladesh_group_split_v1
"DMI, milk yield and composition.xlsx",Sheet1,82,107,1,T1,Local,development,5,42,bangladesh_group_split_v1
"DMI, milk yield and composition.xlsx",Sheet1,83,107,2,T1,Local,development,5,42,bangladesh_group_split_v1
"DMI, milk yield and composition.xlsx",Sheet1,84,107,3,T1,Local,development,5,42,bangladesh_group_split_v1
"DMI, milk yield and composition.xlsx",Sheet1,85,107,4,T1,Local,development,5,42,bangladesh_group_split_v1
"DMI, milk yield and composition.xlsx",Sheet1,86,107,5,T1,Local,development,5,42,bangladesh_group_split_v1
"DMI, milk yield and composition.xlsx",Sheet1,87,107,1,T2,Local,development,5,42,bangladesh_group_split_v1
"DMI, milk yield and composition.xlsx",Sheet1,88,107,2,T2,Local,development,5,42,bangladesh_group_split_v1
"DMI, milk yield and composition.xlsx",Sheet1,89,107,3,T2,Local,development,5,42,bangladesh_group_split_v1
"DMI, milk yield and composition.xlsx",Sheet1,90,107,4,T2,Local,development,5,42,bangladesh_group_split_v1
"DMI, milk yield and composition.xlsx",Sheet1,91,107,5,T2,Local,development,5,42,bangladesh_group_split_v1
"DMI, milk yield and composition.xlsx",Sheet1,92,108,1,T0,Local,development,4,42,bangladesh_group_split_v1
"DMI, milk yield and composition.xlsx",Sheet1,93,108,2,T0,Local,development,4,42,bangladesh_group_split_v1
"DMI, milk yield and composition.xlsx",Sheet1,94,108,3,T0,Local,development,4,42,bangladesh_group_split_v1
"DMI, milk yield and composition.xlsx",Sheet1,95,108,4,T0,Local,development,4,42,bangladesh_group_split_v1
"DMI, milk yield and composition.xlsx",Sheet1,96,108,5,T0,Local,development,4,42,bangladesh_group_split_v1
"DMI, milk yield and composition.xlsx",Sheet1,97,108,1,T1,Local,development,4,42,bangladesh_group_split_v1
"DMI, milk yield and composition.xlsx",Sheet1,98,108,2,T1,Local,development,4,42,bangladesh_group_split_v1
"DMI, milk yield and composition.xlsx",Sheet1,99,108,3,T1,Local,development,4,42,bangladesh_group_split_v1
"DMI, milk yield and composition.xlsx",Sheet1,100,108,4,T1,Local,development,4,42,bangladesh_group_split_v1
"DMI, milk yield and composition.xlsx",Sheet1,101,108,5,T1,Local,development,4,42,bangladesh_group_split_v1
"DMI, milk yield and composition.xlsx",Sheet1,102,108,1,T2,Local,development,4,42,bangladesh_group_split_v1
"DMI, milk yield and composition.xlsx",Sheet1,103,108,2,T2,Local,development,4,42,bangladesh_group_split_v1
"DMI, milk yield and composition.xlsx",Sheet1,104,108,3,T2,Local,development,4,42,bangladesh_group_split_v1
"DMI, milk yield and composition.xlsx",Sheet1,105,108,4,T2,Local,development,4,42,bangladesh_group_split_v1
"DMI, milk yield and composition.xlsx",Sheet1,106,108,5,T2,Local,development,4,42,bangladesh_group_split_v1
"DMI, milk yield and composition.xlsx",Sheet1,107,109,1,T0,Local,development,3,42,bangladesh_group_split_v1
"DMI, milk yield and composition.xlsx",Sheet1,108,109,2,T0,Local,development,3,42,bangladesh_group_split_v1
"DMI, milk yield and composition.xlsx",Sheet1,109,109,3,T0,Local,development,3,42,bangladesh_group_split_v1
"DMI, milk yield and composition.xlsx",Sheet1,110,109,4,T0,Local,development,3,42,bangladesh_group_split_v1
"DMI, milk yield and composition.xlsx",Sheet1,111,109,5,T0,Local,development,3,42,bangladesh_group_split_v1
"DMI, milk yield and composition.xlsx",Sheet1,112,109,1,T1,Local,development,3,42,bangladesh_group_split_v1
"DMI, milk yield and composition.xlsx",Sheet1,113,109,2,T1,Local,development,3,42,bangladesh_group_split_v1
"DMI, milk yield and composition.xlsx",Sheet1,114,109,3,T1,Local,development,3,42,bangladesh_group_split_v1
"DMI, milk yield and composition.xlsx",Sheet1,115,109,4,T1,Local,development,3,42,bangladesh_group_split_v1
"DMI, milk yield and composition.xlsx",Sheet1,116,109,5,T1,Local,development,3,42,bangladesh_group_split_v1
"DMI, milk yield and composition.xlsx",Sheet1,117,109,1,T2,Local,development,3,42,bangladesh_group_split_v1
"DMI, milk yield and composition.xlsx",Sheet1,118,109,2,T2,Local,development,3,42,bangladesh_group_split_v1
"DMI, milk yield and composition.xlsx",Sheet1,119,109,3,T2,Local,development,3,42,bangladesh_group_split_v1
"DMI, milk yield and composition.xlsx",Sheet1,120,109,4,T2,Local,development,3,42,bangladesh_group_split_v1
"DMI, milk yield and composition.xlsx",Sheet1,121,109,5,T2,Local,development,3,42,bangladesh_group_split_v1
"DMI, milk yield and composition.xlsx",Sheet1,122,110,1,T0,Local,development,2,42,bangladesh_group_split_v1
"DMI, milk yield and composition.xlsx",Sheet1,123,110,2,T0,Local,development,2,42,bangladesh_group_split_v1
"DMI, milk yield and composition.xlsx",Sheet1,124,110,3,T0,Local,development,2,42,bangladesh_group_split_v1
"DMI, milk yield and composition.xlsx",Sheet1,125,110,4,T0,Local,development,2,42,bangladesh_group_split_v1
"DMI, milk yield and composition.xlsx",Sheet1,126,110,5,T0,Local,development,2,42,bangladesh_group_split_v1
"DMI, milk yield and composition.xlsx",Sheet1,127,110,1,T1,Local,development,2,42,bangladesh_group_split_v1
"DMI, milk yield and composition.xlsx",Sheet1,128,110,2,T1,Local,development,2,42,bangladesh_group_split_v1
"DMI, milk yield and composition.xlsx",Sheet1,129,110,3,T1,Local,development,2,42,bangladesh_group_split_v1
"DMI, milk yield and composition.xlsx",Sheet1,130,110,4,T1,Local,development,2,42,bangladesh_group_split_v1
"DMI, milk yield and composition.xlsx",Sheet1,131,110,5,T1,Local,development,2,42,bangladesh_group_split_v1
"DMI, milk yield and composition.xlsx",Sheet1,132,110,1,T2,Local,development,2,42,bangladesh_group_split_v1
"DMI, milk yield and composition.xlsx",Sheet1,133,110,2,T2,Local,development,2,42,bangladesh_group_split_v1
"DMI, milk yield and composition.xlsx",Sheet1,134,110,3,T2,Local,development,2,42,bangladesh_group_split_v1
"DMI, milk yield and composition.xlsx",Sheet1,135,110,4,T2,Local,development,2,42,bangladesh_group_split_v1
"DMI, milk yield and composition.xlsx",Sheet1,136,110,5,T2,Local,development,2,42,bangladesh_group_split_v1
"DMI, milk yield and composition.xlsx",Sheet1,137,111,1,T0,Local,development,1,42,bangladesh_group_split_v1
"DMI, milk yield and composition.xlsx",Sheet1,138,111,2,T0,Local,development,1,42,bangladesh_group_split_v1
"DMI, milk yield and composition.xlsx",Sheet1,139,111,3,T0,Local,development,1,42,bangladesh_group_split_v1
"DMI, milk yield and composition.xlsx",Sheet1,140,111,4,T0,Local,development,1,42,bangladesh_group_split_v1
"DMI, milk yield and composition.xlsx",Sheet1,141,111,5,T0,Local,development,1,42,bangladesh_group_split_v1
"DMI, milk yield and composition.xlsx",Sheet1,142,111,1,T1,Local,development,1,42,bangladesh_group_split_v1
"DMI, milk yield and composition.xlsx",Sheet1,143,111,2,T1,Local,development,1,42,bangladesh_group_split_v1
"DMI, milk yield and composition.xlsx",Sheet1,144,111,3,T1,Local,development,1,42,bangladesh_group_split_v1
"DMI, milk yield and composition.xlsx",Sheet1,145,111,4,T1,Local,development,1,42,bangladesh_group_split_v1
"DMI, milk yield and composition.xlsx",Sheet1,146,111,5,T1,Local,development,1,42,bangladesh_group_split_v1
"DMI, milk yield and composition.xlsx",Sheet1,147,111,1,T2,Local,development,1,42,bangladesh_group_split_v1
"DMI, milk yield and composition.xlsx",Sheet1,148,111,2,T2,Local,development,1,42,bangladesh_group_split_v1
"DMI, milk yield and composition.xlsx",Sheet1,149,111,3,T2,Local,development,1,42,bangladesh_group_split_v1
"DMI, milk yield and composition.xlsx",Sheet1,150,111,4,T2,Local,development,1,42,bangladesh_group_split_v1
"DMI, milk yield and composition.xlsx",Sheet1,151,111,5,T2,Local,development,1,42,bangladesh_group_split_v1
"DMI, milk yield and composition.xlsx",Sheet1,152,202,1,T0,HF50,development,5,42,bangladesh_group_split_v1
"DMI, milk yield and composition.xlsx",Sheet1,153,202,2,T0,HF50,development,5,42,bangladesh_group_split_v1
"DMI, milk yield and composition.xlsx",Sheet1,154,202,3,T0,HF50,development,5,42,bangladesh_group_split_v1
"DMI, milk yield and composition.xlsx",Sheet1,155,202,4,T0,HF50,development,5,42,bangladesh_group_split_v1
"DMI, milk yield and composition.xlsx",Sheet1,156,202,5,T0,HF50,development,5,42,bangladesh_group_split_v1
"DMI, milk yield and composition.xlsx",Sheet1,157,202,1,T1,HF50,development,5,42,bangladesh_group_split_v1
"DMI, milk yield and composition.xlsx",Sheet1,158,202,2,T1,HF50,development,5,42,bangladesh_group_split_v1
"DMI, milk yield and composition.xlsx",Sheet1,159,202,3,T1,HF50,development,5,42,bangladesh_group_split_v1
"DMI, milk yield and composition.xlsx",Sheet1,160,202,4,T1,HF50,development,5,42,bangladesh_group_split_v1
"DMI, milk yield and composition.xlsx",Sheet1,161,202,5,T1,HF50,development,5,42,bangladesh_group_split_v1
"DMI, milk yield and composition.xlsx",Sheet1,162,202,1,T2,HF50,development,5,42,bangladesh_group_split_v1
"DMI, milk yield and composition.xlsx",Sheet1,163,202,2,T2,HF50,development,5,42,bangladesh_group_split_v1
"DMI, milk yield and composition.xlsx",Sheet1,164,202,3,T2,HF50,development,5,42,bangladesh_group_split_v1
"DMI, milk yield and composition.xlsx",Sheet1,165,202,4,T2,HF50,development,5,42,bangladesh_group_split_v1
"DMI, milk yield and composition.xlsx",Sheet1,166,202,5,T2,HF50,development,5,42,bangladesh_group_split_v1
"DMI, milk yield and composition.xlsx",Sheet1,167,203,1,T0,HF50,development,4,42,bangladesh_group_split_v1
"DMI, milk yield and composition.xlsx",Sheet1,168,203,2,T0,HF50,development,4,42,bangladesh_group_split_v1
"DMI, milk yield and composition.xlsx",Sheet1,169,203,3,T0,HF50,development,4,42,bangladesh_group_split_v1
"DMI, milk yield and composition.xlsx",Sheet1,170,203,4,T0,HF50,development,4,42,bangladesh_group_split_v1
"DMI, milk yield and composition.xlsx",Sheet1,171,203,5,T0,HF50,development,4,42,bangladesh_group_split_v1
"DMI, milk yield and composition.xlsx",Sheet1,172,203,1,T1,HF50,development,4,42,bangladesh_group_split_v1
"DMI, milk yield and composition.xlsx",Sheet1,173,203,2,T1,HF50,development,4,42,bangladesh_group_split_v1
"DMI, milk yield and composition.xlsx",Sheet1,174,203,3,T1,HF50,development,4,42,bangladesh_group_split_v1
"DMI, milk yield and composition.xlsx",Sheet1,175,203,4,T1,HF50,development,4,42,bangladesh_group_split_v1
"DMI, milk yield and composition.xlsx",Sheet1,176,203,5,T1,HF50,development,4,42,bangladesh_group_split_v1
"DMI, milk yield and composition.xlsx",Sheet1,177,203,1,T2,HF50,development,4,42,bangladesh_group_split_v1
"DMI, milk yield and composition.xlsx",Sheet1,178,203,2,T2,HF50,development,4,42,bangladesh_group_split_v1
"DMI, milk yield and composition.xlsx",Sheet1,179,203,3,T2,HF50,development,4,42,bangladesh_group_split_v1
"DMI, milk yield and composition.xlsx",Sheet1,180,203,4,T2,HF50,development,4,42,bangladesh_group_split_v1
"DMI, milk yield and composition.xlsx",Sheet1,181,203,5,T2,HF50,development,4,42,bangladesh_group_split_v1
"DMI, milk yield and composition.xlsx",Sheet1,182,204,1,T0,HF50,development,3,42,bangladesh_group_split_v1
"DMI, milk yield and composition.xlsx",Sheet1,183,204,2,T0,HF50,development,3,42,bangladesh_group_split_v1
"DMI, milk yield and composition.xlsx",Sheet1,184,204,3,T0,HF50,development,3,42,bangladesh_group_split_v1
"DMI, milk yield and composition.xlsx",Sheet1,185,204,4,T0,HF50,development,3,42,bangladesh_group_split_v1
"DMI, milk yield and composition.xlsx",Sheet1,186,204,5,T0,HF50,development,3,42,bangladesh_group_split_v1
"DMI, milk yield and composition.xlsx",Sheet1,187,204,1,T1,HF50,development,3,42,bangladesh_group_split_v1
"DMI, milk yield and composition.xlsx",Sheet1,188,204,2,T1,HF50,development,3,42,bangladesh_group_split_v1
"DMI, milk yield and composition.xlsx",Sheet1,189,204,3,T1,HF50,development,3,42,bangladesh_group_split_v1
"DMI, milk yield and composition.xlsx",Sheet1,190,204,4,T1,HF50,development,3,42,bangladesh_group_split_v1
"DMI, milk yield and composition.xlsx",Sheet1,191,204,5,T1,HF50,development,3,42,bangladesh_group_split_v1
"DMI, milk yield and composition.xlsx",Sheet1,192,204,1,T2,HF50,development,3,42,bangladesh_group_split_v1
"DMI, milk yield and composition.xlsx",Sheet1,193,204,2,T2,HF50,development,3,42,bangladesh_group_split_v1
"DMI, milk yield and composition.xlsx",Sheet1,194,204,3,T2,HF50,development,3,42,bangladesh_group_split_v1
"DMI, milk yield and composition.xlsx",Sheet1,195,204,4,T2,HF50,development,3,42,bangladesh_group_split_v1
"DMI, milk yield and composition.xlsx",Sheet1,196,204,5,T2,HF50,development,3,42,bangladesh_group_split_v1
"DMI, milk yield and composition.xlsx",Sheet1,197,205,1,T0,HF50,holdout,,42,bangladesh_group_split_v1
"DMI, milk yield and composition.xlsx",Sheet1,198,205,2,T0,HF50,holdout,,42,bangladesh_group_split_v1
"DMI, milk yield and composition.xlsx",Sheet1,199,205,3,T0,HF50,holdout,,42,bangladesh_group_split_v1
"DMI, milk yield and composition.xlsx",Sheet1,200,205,4,T0,HF50,holdout,,42,bangladesh_group_split_v1
"DMI, milk yield and composition.xlsx",Sheet1,201,205,5,T0,HF50,holdout,,42,bangladesh_group_split_v1
"DMI, milk yield and composition.xlsx",Sheet1,202,205,1,T1,HF50,holdout,,42,bangladesh_group_split_v1
"DMI, milk yield and composition.xlsx",Sheet1,203,205,2,T1,HF50,holdout,,42,bangladesh_group_split_v1
"DMI, milk yield and composition.xlsx",Sheet1,204,205,3,T1,HF50,holdout,,42,bangladesh_group_split_v1
"DMI, milk yield and composition.xlsx",Sheet1,205,205,4,T1,HF50,holdout,,42,bangladesh_group_split_v1
"DMI, milk yield and composition.xlsx",Sheet1,206,205,5,T1,HF50,holdout,,42,bangladesh_group_split_v1
"DMI, milk yield and composition.xlsx",Sheet1,207,205,1,T2,HF50,holdout,,42,bangladesh_group_split_v1
"DMI, milk yield and composition.xlsx",Sheet1,208,205,2,T2,HF50,holdout,,42,bangladesh_group_split_v1
"DMI, milk yield and composition.xlsx",Sheet1,209,205,3,T2,HF50,holdout,,42,bangladesh_group_split_v1
"DMI, milk yield and composition.xlsx",Sheet1,210,205,4,T2,HF50,holdout,,42,bangladesh_group_split_v1
"DMI, milk yield and composition.xlsx",Sheet1,211,205,5,T2,HF50,holdout,,42,bangladesh_group_split_v1
"DMI, milk yield and composition.xlsx",Sheet1,212,206,1,T0,HF50,development,2,42,bangladesh_group_split_v1
"DMI, milk yield and composition.xlsx",Sheet1,213,206,2,T0,HF50,development,2,42,bangladesh_group_split_v1
"DMI, milk yield and composition.xlsx",Sheet1,214,206,3,T0,HF50,development,2,42,bangladesh_group_split_v1
"DMI, milk yield and composition.xlsx",Sheet1,215,206,4,T0,HF50,development,2,42,bangladesh_group_split_v1
"DMI, milk yield and composition.xlsx",Sheet1,216,206,5,T0,HF50,development,2,42,bangladesh_group_split_v1
"DMI, milk yield and composition.xlsx",Sheet1,217,206,1,T1,HF50,development,2,42,bangladesh_group_split_v1
"DMI, milk yield and composition.xlsx",Sheet1,218,206,2,T1,HF50,development,2,42,bangladesh_group_split_v1
"DMI, milk yield and composition.xlsx",Sheet1,219,206,3,T1,HF50,development,2,42,bangladesh_group_split_v1
"DMI, milk yield and composition.xlsx",Sheet1,220,206,4,T1,HF50,development,2,42,bangladesh_group_split_v1
"DMI, milk yield and composition.xlsx",Sheet1,221,206,5,T1,HF50,development,2,42,bangladesh_group_split_v1
"DMI, milk yield and composition.xlsx",Sheet1,222,206,1,T2,HF50,development,2,42,bangladesh_group_split_v1
"DMI, milk yield and composition.xlsx",Sheet1,223,206,2,T2,HF50,development,2,42,bangladesh_group_split_v1
"DMI, milk yield and composition.xlsx",Sheet1,224,206,3,T2,HF50,development,2,42,bangladesh_group_split_v1
"DMI, milk yield and composition.xlsx",Sheet1,225,206,4,T2,HF50,development,2,42,bangladesh_group_split_v1
"DMI, milk yield and composition.xlsx",Sheet1,226,206,5,T2,HF50,development,2,42,bangladesh_group_split_v1
"DMI, milk yield and composition.xlsx",Sheet1,227,207,1,T0,HF50,development,1,42,bangladesh_group_split_v1
"DMI, milk yield and composition.xlsx",Sheet1,228,207,2,T0,HF50,development,1,42,bangladesh_group_split_v1
"DMI, milk yield and composition.xlsx",Sheet1,229,207,3,T0,HF50,development,1,42,bangladesh_group_split_v1
"DMI, milk yield and composition.xlsx",Sheet1,230,207,4,T0,HF50,development,1,42,bangladesh_group_split_v1
"DMI, milk yield and composition.xlsx",Sheet1,231,207,5,T0,HF50,development,1,42,bangladesh_group_split_v1
"DMI, milk yield and composition.xlsx",Sheet1,232,207,1,T1,HF50,development,1,42,bangladesh_group_split_v1
"DMI, milk yield and composition.xlsx",Sheet1,233,207,2,T1,HF50,development,1,42,bangladesh_group_split_v1
"DMI, milk yield and composition.xlsx",Sheet1,234,207,3,T1,HF50,development,1,42,bangladesh_group_split_v1
"DMI, milk yield and composition.xlsx",Sheet1,235,207,4,T1,HF50,development,1,42,bangladesh_group_split_v1
"DMI, milk yield and composition.xlsx",Sheet1,236,207,5,T1,HF50,development,1,42,bangladesh_group_split_v1
"DMI, milk yield and composition.xlsx",Sheet1,237,207,1,T2,HF50,development,1,42,bangladesh_group_split_v1
"DMI, milk yield and composition.xlsx",Sheet1,238,207,2,T2,HF50,development,1,42,bangladesh_group_split_v1
"DMI, milk yield and composition.xlsx",Sheet1,239,207,3,T2,HF50,development,1,42,bangladesh_group_split_v1
"DMI, milk yield and composition.xlsx",Sheet1,240,207,4,T2,HF50,development,1,42,bangladesh_group_split_v1
"DMI, milk yield and composition.xlsx",Sheet1,241,207,5,T2,HF50,development,1,42,bangladesh_group_split_v1
"DMI, milk yield and composition.xlsx",Sheet1,242,208,1,T0,HF50,development,5,42,bangladesh_group_split_v1
"DMI, milk yield and composition.xlsx",Sheet1,243,208,2,T0,HF50,development,5,42,bangladesh_group_split_v1
"DMI, milk yield and composition.xlsx",Sheet1,244,208,3,T0,HF50,development,5,42,bangladesh_group_split_v1
"DMI, milk yield and composition.xlsx",Sheet1,245,208,4,T0,HF50,development,5,42,bangladesh_group_split_v1
"DMI, milk yield and composition.xlsx",Sheet1,246,208,5,T0,HF50,development,5,42,bangladesh_group_split_v1
"DMI, milk yield and composition.xlsx",Sheet1,247,208,1,T1,HF50,development,5,42,bangladesh_group_split_v1
"DMI, milk yield and composition.xlsx",Sheet1,248,208,2,T1,HF50,development,5,42,bangladesh_group_split_v1
"DMI, milk yield and composition.xlsx",Sheet1,249,208,3,T1,HF50,development,5,42,bangladesh_group_split_v1
"DMI, milk yield and composition.xlsx",Sheet1,250,208,4,T1,HF50,development,5,42,bangladesh_group_split_v1
"DMI, milk yield and composition.xlsx",Sheet1,251,208,5,T1,HF50,development,5,42,bangladesh_group_split_v1
"DMI, milk yield and composition.xlsx",Sheet1,252,208,1,T2,HF50,development,5,42,bangladesh_group_split_v1
"DMI, milk yield and composition.xlsx",Sheet1,253,208,2,T2,HF50,development,5,42,bangladesh_group_split_v1
"DMI, milk yield and composition.xlsx",Sheet1,254,208,3,T2,HF50,development,5,42,bangladesh_group_split_v1
"DMI, milk yield and composition.xlsx",Sheet1,255,208,4,T2,HF50,development,5,42,bangladesh_group_split_v1
"DMI, milk yield and composition.xlsx",Sheet1,256,208,5,T2,HF50,development,5,42,bangladesh_group_split_v1
"DMI, milk yield and composition.xlsx",Sheet1,257,209,1,T0,HF50,holdout,,42,bangladesh_group_split_v1
"DMI, milk yield and composition.xlsx",Sheet1,258,209,2,T0,HF50,holdout,,42,bangladesh_group_split_v1
"DMI, milk yield and composition.xlsx",Sheet1,259,209,3,T0,HF50,holdout,,42,bangladesh_group_split_v1
"DMI, milk yield and composition.xlsx",Sheet1,260,209,4,T0,HF50,holdout,,42,bangladesh_group_split_v1
"DMI, milk yield and composition.xlsx",Sheet1,261,209,5,T0,HF50,holdout,,42,bangladesh_group_split_v1
"DMI, milk yield and composition.xlsx",Sheet1,262,209,1,T1,HF50,holdout,,42,bangladesh_group_split_v1
"DMI, milk yield and composition.xlsx",Sheet1,263,209,2,T1,HF50,holdout,,42,bangladesh_group_split_v1
"DMI, milk yield and composition.xlsx",Sheet1,264,209,3,T1,HF50,holdout,,42,bangladesh_group_split_v1
"DMI, milk yield and composition.xlsx",Sheet1,265,209,4,T1,HF50,holdout,,42,bangladesh_group_split_v1
"DMI, milk yield and composition.xlsx",Sheet1,266,209,5,T1,HF50,holdout,,42,bangladesh_group_split_v1
"DMI, milk yield and composition.xlsx",Sheet1,267,209,1,T2,HF50,holdout,,42,bangladesh_group_split_v1
"DMI, milk yield and composition.xlsx",Sheet1,268,209,2,T2,HF50,holdout,,42,bangladesh_group_split_v1
"DMI, milk yield and composition.xlsx",Sheet1,269,209,3,T2,HF50,holdout,,42,bangladesh_group_split_v1
"DMI, milk yield and composition.xlsx",Sheet1,270,209,4,T2,HF50,holdout,,42,bangladesh_group_split_v1
"DMI, milk yield and composition.xlsx",Sheet1,271,209,5,T2,HF50,holdout,,42,bangladesh_group_split_v1
"DMI, milk yield and composition.xlsx",Sheet1,272,210,1,T0,HF50,development,4,42,bangladesh_group_split_v1
"DMI, milk yield and composition.xlsx",Sheet1,273,210,2,T0,HF50,development,4,42,bangladesh_group_split_v1
"DMI, milk yield and composition.xlsx",Sheet1,274,210,3,T0,HF50,development,4,42,bangladesh_group_split_v1
"DMI, milk yield and composition.xlsx",Sheet1,275,210,4,T0,HF50,development,4,42,bangladesh_group_split_v1
"DMI, milk yield and composition.xlsx",Sheet1,276,210,5,T0,HF50,development,4,42,bangladesh_group_split_v1
"DMI, milk yield and composition.xlsx",Sheet1,277,210,1,T1,HF50,development,4,42,bangladesh_group_split_v1
"DMI, milk yield and composition.xlsx",Sheet1,278,210,2,T1,HF50,development,4,42,bangladesh_group_split_v1
"DMI, milk yield and composition.xlsx",Sheet1,279,210,3,T1,HF50,development,4,42,bangladesh_group_split_v1
"DMI, milk yield and composition.xlsx",Sheet1,280,210,4,T1,HF50,development,4,42,bangladesh_group_split_v1
"DMI, milk yield and composition.xlsx",Sheet1,281,210,5,T1,HF50,development,4,42,bangladesh_group_split_v1
"DMI, milk yield and composition.xlsx",Sheet1,282,210,1,T2,HF50,development,4,42,bangladesh_group_split_v1
"DMI, milk yield and composition.xlsx",Sheet1,283,210,2,T2,HF50,development,4,42,bangladesh_group_split_v1
"DMI, milk yield and composition.xlsx",Sheet1,284,210,3,T2,HF50,development,4,42,bangladesh_group_split_v1
"DMI, milk yield and composition.xlsx",Sheet1,285,210,4,T2,HF50,development,4,42,bangladesh_group_split_v1
"DMI, milk yield and composition.xlsx",Sheet1,286,210,5,T2,HF50,development,4,42,bangladesh_group_split_v1
"DMI, milk yield and composition.xlsx",Sheet1,287,211,1,T0,HF50,holdout,,42,bangladesh_group_split_v1
"DMI, milk yield and composition.xlsx",Sheet1,288,211,2,T0,HF50,holdout,,42,bangladesh_group_split_v1
"DMI, milk yield and composition.xlsx",Sheet1,289,211,3,T0,HF50,holdout,,42,bangladesh_group_split_v1
"DMI, milk yield and composition.xlsx",Sheet1,290,211,4,T0,HF50,holdout,,42,bangladesh_group_split_v1
"DMI, milk yield and composition.xlsx",Sheet1,291,211,5,T0,HF50,holdout,,42,bangladesh_group_split_v1
"DMI, milk yield and composition.xlsx",Sheet1,292,211,1,T1,HF50,holdout,,42,bangladesh_group_split_v1
"DMI, milk yield and composition.xlsx",Sheet1,293,211,2,T1,HF50,holdout,,42,bangladesh_group_split_v1
"DMI, milk yield and composition.xlsx",Sheet1,294,211,3,T1,HF50,holdout,,42,bangladesh_group_split_v1
"DMI, milk yield and composition.xlsx",Sheet1,295,211,4,T1,HF50,holdout,,42,bangladesh_group_split_v1
"DMI, milk yield and composition.xlsx",Sheet1,296,211,5,T1,HF50,holdout,,42,bangladesh_group_split_v1
"DMI, milk yield and composition.xlsx",Sheet1,297,211,1,T2,HF50,holdout,,42,bangladesh_group_split_v1
"DMI, milk yield and composition.xlsx",Sheet1,298,211,2,T2,HF50,holdout,,42,bangladesh_group_split_v1
"DMI, milk yield and composition.xlsx",Sheet1,299,211,3,T2,HF50,holdout,,42,bangladesh_group_split_v1
"DMI, milk yield and composition.xlsx",Sheet1,300,211,4,T2,HF50,holdout,,42,bangladesh_group_split_v1
"DMI, milk yield and composition.xlsx",Sheet1,301,211,5,T2,HF50,holdout,,42,bangladesh_group_split_v1
"DMI, milk yield and composition.xlsx",Sheet1,302,302,1,T0,HF62.5,development,3,42,bangladesh_group_split_v1
"DMI, milk yield and composition.xlsx",Sheet1,303,302,2,T0,HF62.5,development,3,42,bangladesh_group_split_v1
"DMI, milk yield and composition.xlsx",Sheet1,304,302,3,T0,HF62.5,development,3,42,bangladesh_group_split_v1
"DMI, milk yield and composition.xlsx",Sheet1,305,302,4,T0,HF62.5,development,3,42,bangladesh_group_split_v1
"DMI, milk yield and composition.xlsx",Sheet1,306,302,5,T0,HF62.5,development,3,42,bangladesh_group_split_v1
"DMI, milk yield and composition.xlsx",Sheet1,307,302,1,T1,HF62.5,development,3,42,bangladesh_group_split_v1
"DMI, milk yield and composition.xlsx",Sheet1,308,302,2,T1,HF62.5,development,3,42,bangladesh_group_split_v1
"DMI, milk yield and composition.xlsx",Sheet1,309,302,3,T1,HF62.5,development,3,42,bangladesh_group_split_v1
"DMI, milk yield and composition.xlsx",Sheet1,310,302,4,T1,HF62.5,development,3,42,bangladesh_group_split_v1
"DMI, milk yield and composition.xlsx",Sheet1,311,302,5,T1,HF62.5,development,3,42,bangladesh_group_split_v1
"DMI, milk yield and composition.xlsx",Sheet1,312,302,1,T2,HF62.5,development,3,42,bangladesh_group_split_v1
"DMI, milk yield and composition.xlsx",Sheet1,313,302,2,T2,HF62.5,development,3,42,bangladesh_group_split_v1
"DMI, milk yield and composition.xlsx",Sheet1,314,302,3,T2,HF62.5,development,3,42,bangladesh_group_split_v1
"DMI, milk yield and composition.xlsx",Sheet1,315,302,4,T2,HF62.5,development,3,42,bangladesh_group_split_v1
"DMI, milk yield and composition.xlsx",Sheet1,316,302,5,T2,HF62.5,development,3,42,bangladesh_group_split_v1
"DMI, milk yield and composition.xlsx",Sheet1,317,303,1,T0,HF62.5,development,2,42,bangladesh_group_split_v1
"DMI, milk yield and composition.xlsx",Sheet1,318,303,2,T0,HF62.5,development,2,42,bangladesh_group_split_v1
"DMI, milk yield and composition.xlsx",Sheet1,319,303,3,T0,HF62.5,development,2,42,bangladesh_group_split_v1
"DMI, milk yield and composition.xlsx",Sheet1,320,303,4,T0,HF62.5,development,2,42,bangladesh_group_split_v1
"DMI, milk yield and composition.xlsx",Sheet1,321,303,5,T0,HF62.5,development,2,42,bangladesh_group_split_v1
"DMI, milk yield and composition.xlsx",Sheet1,322,303,1,T1,HF62.5,development,2,42,bangladesh_group_split_v1
"DMI, milk yield and composition.xlsx",Sheet1,323,303,2,T1,HF62.5,development,2,42,bangladesh_group_split_v1
"DMI, milk yield and composition.xlsx",Sheet1,324,303,3,T1,HF62.5,development,2,42,bangladesh_group_split_v1
"DMI, milk yield and composition.xlsx",Sheet1,325,303,4,T1,HF62.5,development,2,42,bangladesh_group_split_v1
"DMI, milk yield and composition.xlsx",Sheet1,326,303,5,T1,HF62.5,development,2,42,bangladesh_group_split_v1
"DMI, milk yield and composition.xlsx",Sheet1,327,303,1,T2,HF62.5,development,2,42,bangladesh_group_split_v1
"DMI, milk yield and composition.xlsx",Sheet1,328,303,2,T2,HF62.5,development,2,42,bangladesh_group_split_v1
"DMI, milk yield and composition.xlsx",Sheet1,329,303,3,T2,HF62.5,development,2,42,bangladesh_group_split_v1
"DMI, milk yield and composition.xlsx",Sheet1,330,303,4,T2,HF62.5,development,2,42,bangladesh_group_split_v1
"DMI, milk yield and composition.xlsx",Sheet1,331,303,5,T2,HF62.5,development,2,42,bangladesh_group_split_v1
"DMI, milk yield and composition.xlsx",Sheet1,332,304,1,T0,HF62.5,development,1,42,bangladesh_group_split_v1
"DMI, milk yield and composition.xlsx",Sheet1,333,304,2,T0,HF62.5,development,1,42,bangladesh_group_split_v1
"DMI, milk yield and composition.xlsx",Sheet1,334,304,3,T0,HF62.5,development,1,42,bangladesh_group_split_v1
"DMI, milk yield and composition.xlsx",Sheet1,335,304,4,T0,HF62.5,development,1,42,bangladesh_group_split_v1
"DMI, milk yield and composition.xlsx",Sheet1,336,304,5,T0,HF62.5,development,1,42,bangladesh_group_split_v1
"DMI, milk yield and composition.xlsx",Sheet1,337,304,1,T1,HF62.5,development,1,42,bangladesh_group_split_v1
"DMI, milk yield and composition.xlsx",Sheet1,338,304,2,T1,HF62.5,development,1,42,bangladesh_group_split_v1
"DMI, milk yield and composition.xlsx",Sheet1,339,304,3,T1,HF62.5,development,1,42,bangladesh_group_split_v1
"DMI, milk yield and composition.xlsx",Sheet1,340,304,4,T1,HF62.5,development,1,42,bangladesh_group_split_v1
"DMI, milk yield and composition.xlsx",Sheet1,341,304,5,T1,HF62.5,development,1,42,bangladesh_group_split_v1
"DMI, milk yield and composition.xlsx",Sheet1,342,304,1,T2,HF62.5,development,1,42,bangladesh_group_split_v1
"DMI, milk yield and composition.xlsx",Sheet1,343,304,2,T2,HF62.5,development,1,42,bangladesh_group_split_v1
"DMI, milk yield and composition.xlsx",Sheet1,344,304,3,T2,HF62.5,development,1,42,bangladesh_group_split_v1
"DMI, milk yield and composition.xlsx",Sheet1,345,304,4,T2,HF62.5,development,1,42,bangladesh_group_split_v1
"DMI, milk yield and composition.xlsx",Sheet1,346,304,5,T2,HF62.5,development,1,42,bangladesh_group_split_v1
"DMI, milk yield and composition.xlsx",Sheet1,347,305,1,T0,HF62.5,development,5,42,bangladesh_group_split_v1
"DMI, milk yield and composition.xlsx",Sheet1,348,305,2,T0,HF62.5,development,5,42,bangladesh_group_split_v1
"DMI, milk yield and composition.xlsx",Sheet1,349,305,3,T0,HF62.5,development,5,42,bangladesh_group_split_v1
"DMI, milk yield and composition.xlsx",Sheet1,350,305,4,T0,HF62.5,development,5,42,bangladesh_group_split_v1
"DMI, milk yield and composition.xlsx",Sheet1,351,305,5,T0,HF62.5,development,5,42,bangladesh_group_split_v1
"DMI, milk yield and composition.xlsx",Sheet1,352,305,1,T1,HF62.5,development,5,42,bangladesh_group_split_v1
"DMI, milk yield and composition.xlsx",Sheet1,353,305,2,T1,HF62.5,development,5,42,bangladesh_group_split_v1
"DMI, milk yield and composition.xlsx",Sheet1,354,305,3,T1,HF62.5,development,5,42,bangladesh_group_split_v1
"DMI, milk yield and composition.xlsx",Sheet1,355,305,4,T1,HF62.5,development,5,42,bangladesh_group_split_v1
"DMI, milk yield and composition.xlsx",Sheet1,356,305,5,T1,HF62.5,development,5,42,bangladesh_group_split_v1
"DMI, milk yield and composition.xlsx",Sheet1,357,305,1,T2,HF62.5,development,5,42,bangladesh_group_split_v1
"DMI, milk yield and composition.xlsx",Sheet1,358,305,2,T2,HF62.5,development,5,42,bangladesh_group_split_v1
"DMI, milk yield and composition.xlsx",Sheet1,359,305,3,T2,HF62.5,development,5,42,bangladesh_group_split_v1
"DMI, milk yield and composition.xlsx",Sheet1,360,305,4,T2,HF62.5,development,5,42,bangladesh_group_split_v1
"DMI, milk yield and composition.xlsx",Sheet1,361,305,5,T2,HF62.5,development,5,42,bangladesh_group_split_v1
"DMI, milk yield and composition.xlsx",Sheet1,362,306,1,T0,HF62.5,development,4,42,bangladesh_group_split_v1
"DMI, milk yield and composition.xlsx",Sheet1,363,306,2,T0,HF62.5,development,4,42,bangladesh_group_split_v1
"DMI, milk yield and composition.xlsx",Sheet1,364,306,3,T0,HF62.5,development,4,42,bangladesh_group_split_v1
"DMI, milk yield and composition.xlsx",Sheet1,365,306,4,T0,HF62.5,development,4,42,bangladesh_group_split_v1
"DMI, milk yield and composition.xlsx",Sheet1,366,306,5,T0,HF62.5,development,4,42,bangladesh_group_split_v1
"DMI, milk yield and composition.xlsx",Sheet1,367,306,1,T1,HF62.5,development,4,42,bangladesh_group_split_v1
"DMI, milk yield and composition.xlsx",Sheet1,368,306,2,T1,HF62.5,development,4,42,bangladesh_group_split_v1
"DMI, milk yield and composition.xlsx",Sheet1,369,306,3,T1,HF62.5,development,4,42,bangladesh_group_split_v1
"DMI, milk yield and composition.xlsx",Sheet1,370,306,4,T1,HF62.5,development,4,42,bangladesh_group_split_v1
"DMI, milk yield and composition.xlsx",Sheet1,371,306,5,T1,HF62.5,development,4,42,bangladesh_group_split_v1
"DMI, milk yield and composition.xlsx",Sheet1,372,306,1,T2,HF62.5,development,4,42,bangladesh_group_split_v1
"DMI, milk yield and composition.xlsx",Sheet1,373,306,2,T2,HF62.5,development,4,42,bangladesh_group_split_v1
"DMI, milk yield and composition.xlsx",Sheet1,374,306,3,T2,HF62.5,development,4,42,bangladesh_group_split_v1
"DMI, milk yield and composition.xlsx",Sheet1,375,306,4,T2,HF62.5,development,4,42,bangladesh_group_split_v1
"DMI, milk yield and composition.xlsx",Sheet1,376,306,5,T2,HF62.5,development,4,42,bangladesh_group_split_v1
"DMI, milk yield and composition.xlsx",Sheet1,377,307,1,T0,HF62.5,holdout,,42,bangladesh_group_split_v1
"DMI, milk yield and composition.xlsx",Sheet1,378,307,2,T0,HF62.5,holdout,,42,bangladesh_group_split_v1
"DMI, milk yield and composition.xlsx",Sheet1,379,307,3,T0,HF62.5,holdout,,42,bangladesh_group_split_v1
"DMI, milk yield and composition.xlsx",Sheet1,380,307,4,T0,HF62.5,holdout,,42,bangladesh_group_split_v1
"DMI, milk yield and composition.xlsx",Sheet1,381,307,5,T0,HF62.5,holdout,,42,bangladesh_group_split_v1
"DMI, milk yield and composition.xlsx",Sheet1,382,307,1,T1,HF62.5,holdout,,42,bangladesh_group_split_v1
"DMI, milk yield and composition.xlsx",Sheet1,383,307,2,T1,HF62.5,holdout,,42,bangladesh_group_split_v1
"DMI, milk yield and composition.xlsx",Sheet1,384,307,3,T1,HF62.5,holdout,,42,bangladesh_group_split_v1
"DMI, milk yield and composition.xlsx",Sheet1,385,307,4,T1,HF62.5,holdout,,42,bangladesh_group_split_v1
"DMI, milk yield and composition.xlsx",Sheet1,386,307,5,T1,HF62.5,holdout,,42,bangladesh_group_split_v1
"DMI, milk yield and composition.xlsx",Sheet1,387,307,1,T2,HF62.5,holdout,,42,bangladesh_group_split_v1
"DMI, milk yield and composition.xlsx",Sheet1,388,307,2,T2,HF62.5,holdout,,42,bangladesh_group_split_v1
"DMI, milk yield and composition.xlsx",Sheet1,389,307,3,T2,HF62.5,holdout,,42,bangladesh_group_split_v1
"DMI, milk yield and composition.xlsx",Sheet1,390,307,4,T2,HF62.5,holdout,,42,bangladesh_group_split_v1
"DMI, milk yield and composition.xlsx",Sheet1,391,307,5,T2,HF62.5,holdout,,42,bangladesh_group_split_v1
"DMI, milk yield and composition.xlsx",Sheet1,392,308,1,T0,HF62.5,holdout,,42,bangladesh_group_split_v1
"DMI, milk yield and composition.xlsx",Sheet1,393,308,2,T0,HF62.5,holdout,,42,bangladesh_group_split_v1
"DMI, milk yield and composition.xlsx",Sheet1,394,308,3,T0,HF62.5,holdout,,42,bangladesh_group_split_v1
"DMI, milk yield and composition.xlsx",Sheet1,395,308,4,T0,HF62.5,holdout,,42,bangladesh_group_split_v1
"DMI, milk yield and composition.xlsx",Sheet1,396,308,5,T0,HF62.5,holdout,,42,bangladesh_group_split_v1
"DMI, milk yield and composition.xlsx",Sheet1,397,308,1,T1,HF62.5,holdout,,42,bangladesh_group_split_v1
"DMI, milk yield and composition.xlsx",Sheet1,398,308,2,T1,HF62.5,holdout,,42,bangladesh_group_split_v1
"DMI, milk yield and composition.xlsx",Sheet1,399,308,3,T1,HF62.5,holdout,,42,bangladesh_group_split_v1
"DMI, milk yield and composition.xlsx",Sheet1,400,308,4,T1,HF62.5,holdout,,42,bangladesh_group_split_v1
"DMI, milk yield and composition.xlsx",Sheet1,401,308,5,T1,HF62.5,holdout,,42,bangladesh_group_split_v1
"DMI, milk yield and composition.xlsx",Sheet1,402,308,1,T2,HF62.5,holdout,,42,bangladesh_group_split_v1
"DMI, milk yield and composition.xlsx",Sheet1,403,308,2,T2,HF62.5,holdout,,42,bangladesh_group_split_v1
"DMI, milk yield and composition.xlsx",Sheet1,404,308,3,T2,HF62.5,holdout,,42,bangladesh_group_split_v1
"DMI, milk yield and composition.xlsx",Sheet1,405,308,4,T2,HF62.5,holdout,,42,bangladesh_group_split_v1
"DMI, milk yield and composition.xlsx",Sheet1,406,308,5,T2,HF62.5,holdout,,42,bangladesh_group_split_v1
"DMI, milk yield and composition.xlsx",Sheet1,407,309,1,T0,HF62.5,development,3,42,bangladesh_group_split_v1
"DMI, milk yield and composition.xlsx",Sheet1,408,309,2,T0,HF62.5,development,3,42,bangladesh_group_split_v1
"DMI, milk yield and composition.xlsx",Sheet1,409,309,3,T0,HF62.5,development,3,42,bangladesh_group_split_v1
"DMI, milk yield and composition.xlsx",Sheet1,410,309,4,T0,HF62.5,development,3,42,bangladesh_group_split_v1
"DMI, milk yield and composition.xlsx",Sheet1,411,309,5,T0,HF62.5,development,3,42,bangladesh_group_split_v1
"DMI, milk yield and composition.xlsx",Sheet1,412,309,1,T1,HF62.5,development,3,42,bangladesh_group_split_v1
"DMI, milk yield and composition.xlsx",Sheet1,413,309,2,T1,HF62.5,development,3,42,bangladesh_group_split_v1
"DMI, milk yield and composition.xlsx",Sheet1,414,309,3,T1,HF62.5,development,3,42,bangladesh_group_split_v1
"DMI, milk yield and composition.xlsx",Sheet1,415,309,4,T1,HF62.5,development,3,42,bangladesh_group_split_v1
"DMI, milk yield and composition.xlsx",Sheet1,416,309,5,T1,HF62.5,development,3,42,bangladesh_group_split_v1
"DMI, milk yield and composition.xlsx",Sheet1,417,309,1,T2,HF62.5,development,3,42,bangladesh_group_split_v1
"DMI, milk yield and composition.xlsx",Sheet1,418,309,2,T2,HF62.5,development,3,42,bangladesh_group_split_v1
"DMI, milk yield and composition.xlsx",Sheet1,419,309,3,T2,HF62.5,development,3,42,bangladesh_group_split_v1
"DMI, milk yield and composition.xlsx",Sheet1,420,309,4,T2,HF62.5,development,3,42,bangladesh_group_split_v1
"DMI, milk yield and composition.xlsx",Sheet1,421,309,5,T2,HF62.5,development,3,42,bangladesh_group_split_v1
"DMI, milk yield and composition.xlsx",Sheet1,422,310,1,T0,HF62.5,development,2,42,bangladesh_group_split_v1
"DMI, milk yield and composition.xlsx",Sheet1,423,310,2,T0,HF62.5,development,2,42,bangladesh_group_split_v1
"DMI, milk yield and composition.xlsx",Sheet1,424,310,3,T0,HF62.5,development,2,42,bangladesh_group_split_v1
"DMI, milk yield and composition.xlsx",Sheet1,425,310,4,T0,HF62.5,development,2,42,bangladesh_group_split_v1
"DMI, milk yield and composition.xlsx",Sheet1,426,310,5,T0,HF62.5,development,2,42,bangladesh_group_split_v1
"DMI, milk yield and composition.xlsx",Sheet1,427,310,1,T1,HF62.5,development,2,42,bangladesh_group_split_v1
"DMI, milk yield and composition.xlsx",Sheet1,428,310,2,T1,HF62.5,development,2,42,bangladesh_group_split_v1
"DMI, milk yield and composition.xlsx",Sheet1,429,310,3,T1,HF62.5,development,2,42,bangladesh_group_split_v1
"DMI, milk yield and composition.xlsx",Sheet1,430,310,4,T1,HF62.5,development,2,42,bangladesh_group_split_v1
"DMI, milk yield and composition.xlsx",Sheet1,431,310,5,T1,HF62.5,development,2,42,bangladesh_group_split_v1
"DMI, milk yield and composition.xlsx",Sheet1,432,310,1,T2,HF62.5,development,2,42,bangladesh_group_split_v1
"DMI, milk yield and composition.xlsx",Sheet1,433,310,2,T2,HF62.5,development,2,42,bangladesh_group_split_v1
"DMI, milk yield and composition.xlsx",Sheet1,434,310,3,T2,HF62.5,development,2,42,bangladesh_group_split_v1
"DMI, milk yield and composition.xlsx",Sheet1,435,310,4,T2,HF62.5,development,2,42,bangladesh_group_split_v1
"DMI, milk yield and composition.xlsx",Sheet1,436,310,5,T2,HF62.5,development,2,42,bangladesh_group_split_v1
"DMI, milk yield and composition.xlsx",Sheet1,437,311,1,T0,HF62.5,development,1,42,bangladesh_group_split_v1
"DMI, milk yield and composition.xlsx",Sheet1,438,311,2,T0,HF62.5,development,1,42,bangladesh_group_split_v1
"DMI, milk yield and composition.xlsx",Sheet1,439,311,3,T0,HF62.5,development,1,42,bangladesh_group_split_v1
"DMI, milk yield and composition.xlsx",Sheet1,440,311,4,T0,HF62.5,development,1,42,bangladesh_group_split_v1
"DMI, milk yield and composition.xlsx",Sheet1,441,311,5,T0,HF62.5,development,1,42,bangladesh_group_split_v1
"DMI, milk yield and composition.xlsx",Sheet1,442,311,1,T1,HF62.5,development,1,42,bangladesh_group_split_v1
"DMI, milk yield and composition.xlsx",Sheet1,443,311,2,T1,HF62.5,development,1,42,bangladesh_group_split_v1
"DMI, milk yield and composition.xlsx",Sheet1,444,311,3,T1,HF62.5,development,1,42,bangladesh_group_split_v1
"DMI, milk yield and composition.xlsx",Sheet1,445,311,4,T1,HF62.5,development,1,42,bangladesh_group_split_v1
"DMI, milk yield and composition.xlsx",Sheet1,446,311,5,T1,HF62.5,development,1,42,bangladesh_group_split_v1
"DMI, milk yield and composition.xlsx",Sheet1,447,311,1,T2,HF62.5,development,1,42,bangladesh_group_split_v1
"DMI, milk yield and composition.xlsx",Sheet1,448,311,2,T2,HF62.5,development,1,42,bangladesh_group_split_v1
"DMI, milk yield and composition.xlsx",Sheet1,449,311,3,T2,HF62.5,development,1,42,bangladesh_group_split_v1
"DMI, milk yield and composition.xlsx",Sheet1,450,311,4,T2,HF62.5,development,1,42,bangladesh_group_split_v1
"DMI, milk yield and composition.xlsx",Sheet1,451,311,5,T2,HF62.5,development,1,42,bangladesh_group_split_v1
"DMI, milk yield and composition.xlsx",Sheet1,452,402,1,T0,HF75,holdout,,42,bangladesh_group_split_v1
"DMI, milk yield and composition.xlsx",Sheet1,453,402,2,T0,HF75,holdout,,42,bangladesh_group_split_v1
"DMI, milk yield and composition.xlsx",Sheet1,454,402,3,T0,HF75,holdout,,42,bangladesh_group_split_v1
"DMI, milk yield and composition.xlsx",Sheet1,455,402,4,T0,HF75,holdout,,42,bangladesh_group_split_v1
"DMI, milk yield and composition.xlsx",Sheet1,456,402,5,T0,HF75,holdout,,42,bangladesh_group_split_v1
"DMI, milk yield and composition.xlsx",Sheet1,457,402,1,T1,HF75,holdout,,42,bangladesh_group_split_v1
"DMI, milk yield and composition.xlsx",Sheet1,458,402,2,T1,HF75,holdout,,42,bangladesh_group_split_v1
"DMI, milk yield and composition.xlsx",Sheet1,459,402,3,T1,HF75,holdout,,42,bangladesh_group_split_v1
"DMI, milk yield and composition.xlsx",Sheet1,460,402,4,T1,HF75,holdout,,42,bangladesh_group_split_v1
"DMI, milk yield and composition.xlsx",Sheet1,461,402,5,T1,HF75,holdout,,42,bangladesh_group_split_v1
"DMI, milk yield and composition.xlsx",Sheet1,462,402,1,T2,HF75,holdout,,42,bangladesh_group_split_v1
"DMI, milk yield and composition.xlsx",Sheet1,463,402,2,T2,HF75,holdout,,42,bangladesh_group_split_v1
"DMI, milk yield and composition.xlsx",Sheet1,464,402,3,T2,HF75,holdout,,42,bangladesh_group_split_v1
"DMI, milk yield and composition.xlsx",Sheet1,465,402,4,T2,HF75,holdout,,42,bangladesh_group_split_v1
"DMI, milk yield and composition.xlsx",Sheet1,466,402,5,T2,HF75,holdout,,42,bangladesh_group_split_v1
"DMI, milk yield and composition.xlsx",Sheet1,467,403,1,T0,HF75,development,5,42,bangladesh_group_split_v1
"DMI, milk yield and composition.xlsx",Sheet1,468,403,2,T0,HF75,development,5,42,bangladesh_group_split_v1
"DMI, milk yield and composition.xlsx",Sheet1,469,403,3,T0,HF75,development,5,42,bangladesh_group_split_v1
"DMI, milk yield and composition.xlsx",Sheet1,470,403,4,T0,HF75,development,5,42,bangladesh_group_split_v1
"DMI, milk yield and composition.xlsx",Sheet1,471,403,5,T0,HF75,development,5,42,bangladesh_group_split_v1
"DMI, milk yield and composition.xlsx",Sheet1,472,403,1,T1,HF75,development,5,42,bangladesh_group_split_v1
"DMI, milk yield and composition.xlsx",Sheet1,473,403,2,T1,HF75,development,5,42,bangladesh_group_split_v1
"DMI, milk yield and composition.xlsx",Sheet1,474,403,3,T1,HF75,development,5,42,bangladesh_group_split_v1
"DMI, milk yield and composition.xlsx",Sheet1,475,403,4,T1,HF75,development,5,42,bangladesh_group_split_v1
"DMI, milk yield and composition.xlsx",Sheet1,476,403,5,T1,HF75,development,5,42,bangladesh_group_split_v1
"DMI, milk yield and composition.xlsx",Sheet1,477,403,1,T2,HF75,development,5,42,bangladesh_group_split_v1
"DMI, milk yield and composition.xlsx",Sheet1,478,403,2,T2,HF75,development,5,42,bangladesh_group_split_v1
"DMI, milk yield and composition.xlsx",Sheet1,479,403,3,T2,HF75,development,5,42,bangladesh_group_split_v1
"DMI, milk yield and composition.xlsx",Sheet1,480,403,4,T2,HF75,development,5,42,bangladesh_group_split_v1
"DMI, milk yield and composition.xlsx",Sheet1,481,403,5,T2,HF75,development,5,42,bangladesh_group_split_v1
"DMI, milk yield and composition.xlsx",Sheet1,482,404,1,T0,HF75,holdout,,42,bangladesh_group_split_v1
"DMI, milk yield and composition.xlsx",Sheet1,483,404,2,T0,HF75,holdout,,42,bangladesh_group_split_v1
"DMI, milk yield and composition.xlsx",Sheet1,484,404,3,T0,HF75,holdout,,42,bangladesh_group_split_v1
"DMI, milk yield and composition.xlsx",Sheet1,485,404,4,T0,HF75,holdout,,42,bangladesh_group_split_v1
"DMI, milk yield and composition.xlsx",Sheet1,486,404,5,T0,HF75,holdout,,42,bangladesh_group_split_v1
"DMI, milk yield and composition.xlsx",Sheet1,487,404,1,T1,HF75,holdout,,42,bangladesh_group_split_v1
"DMI, milk yield and composition.xlsx",Sheet1,488,404,2,T1,HF75,holdout,,42,bangladesh_group_split_v1
"DMI, milk yield and composition.xlsx",Sheet1,489,404,3,T1,HF75,holdout,,42,bangladesh_group_split_v1
"DMI, milk yield and composition.xlsx",Sheet1,490,404,4,T1,HF75,holdout,,42,bangladesh_group_split_v1
"DMI, milk yield and composition.xlsx",Sheet1,491,404,5,T1,HF75,holdout,,42,bangladesh_group_split_v1
"DMI, milk yield and composition.xlsx",Sheet1,492,404,1,T2,HF75,holdout,,42,bangladesh_group_split_v1
"DMI, milk yield and composition.xlsx",Sheet1,493,404,2,T2,HF75,holdout,,42,bangladesh_group_split_v1
"DMI, milk yield and composition.xlsx",Sheet1,494,404,3,T2,HF75,holdout,,42,bangladesh_group_split_v1
"DMI, milk yield and composition.xlsx",Sheet1,495,404,4,T2,HF75,holdout,,42,bangladesh_group_split_v1
"DMI, milk yield and composition.xlsx",Sheet1,496,404,5,T2,HF75,holdout,,42,bangladesh_group_split_v1
"DMI, milk yield and composition.xlsx",Sheet1,497,405,1,T0,HF75,development,4,42,bangladesh_group_split_v1
"DMI, milk yield and composition.xlsx",Sheet1,498,405,2,T0,HF75,development,4,42,bangladesh_group_split_v1
"DMI, milk yield and composition.xlsx",Sheet1,499,405,3,T0,HF75,development,4,42,bangladesh_group_split_v1
"DMI, milk yield and composition.xlsx",Sheet1,500,405,4,T0,HF75,development,4,42,bangladesh_group_split_v1
"DMI, milk yield and composition.xlsx",Sheet1,501,405,5,T0,HF75,development,4,42,bangladesh_group_split_v1
"DMI, milk yield and composition.xlsx",Sheet1,502,405,1,T1,HF75,development,4,42,bangladesh_group_split_v1
"DMI, milk yield and composition.xlsx",Sheet1,503,405,2,T1,HF75,development,4,42,bangladesh_group_split_v1
"DMI, milk yield and composition.xlsx",Sheet1,504,405,3,T1,HF75,development,4,42,bangladesh_group_split_v1
"DMI, milk yield and composition.xlsx",Sheet1,505,405,4,T1,HF75,development,4,42,bangladesh_group_split_v1
"DMI, milk yield and composition.xlsx",Sheet1,506,405,5,T1,HF75,development,4,42,bangladesh_group_split_v1
"DMI, milk yield and composition.xlsx",Sheet1,507,405,1,T2,HF75,development,4,42,bangladesh_group_split_v1
"DMI, milk yield and composition.xlsx",Sheet1,508,405,2,T2,HF75,development,4,42,bangladesh_group_split_v1
"DMI, milk yield and composition.xlsx",Sheet1,509,405,3,T2,HF75,development,4,42,bangladesh_group_split_v1
"DMI, milk yield and composition.xlsx",Sheet1,510,405,4,T2,HF75,development,4,42,bangladesh_group_split_v1
"DMI, milk yield and composition.xlsx",Sheet1,511,405,5,T2,HF75,development,4,42,bangladesh_group_split_v1
"DMI, milk yield and composition.xlsx",Sheet1,512,406,1,T0,HF75,development,3,42,bangladesh_group_split_v1
"DMI, milk yield and composition.xlsx",Sheet1,513,406,2,T0,HF75,development,3,42,bangladesh_group_split_v1
"DMI, milk yield and composition.xlsx",Sheet1,514,406,3,T0,HF75,development,3,42,bangladesh_group_split_v1
"DMI, milk yield and composition.xlsx",Sheet1,515,406,4,T0,HF75,development,3,42,bangladesh_group_split_v1
"DMI, milk yield and composition.xlsx",Sheet1,516,406,5,T0,HF75,development,3,42,bangladesh_group_split_v1
"DMI, milk yield and composition.xlsx",Sheet1,517,406,1,T1,HF75,development,3,42,bangladesh_group_split_v1
"DMI, milk yield and composition.xlsx",Sheet1,518,406,2,T1,HF75,development,3,42,bangladesh_group_split_v1
"DMI, milk yield and composition.xlsx",Sheet1,519,406,3,T1,HF75,development,3,42,bangladesh_group_split_v1
"DMI, milk yield and composition.xlsx",Sheet1,520,406,4,T1,HF75,development,3,42,bangladesh_group_split_v1
"DMI, milk yield and composition.xlsx",Sheet1,521,406,5,T1,HF75,development,3,42,bangladesh_group_split_v1
"DMI, milk yield and composition.xlsx",Sheet1,522,406,1,T2,HF75,development,3,42,bangladesh_group_split_v1
"DMI, milk yield and composition.xlsx",Sheet1,523,406,2,T2,HF75,development,3,42,bangladesh_group_split_v1
"DMI, milk yield and composition.xlsx",Sheet1,524,406,3,T2,HF75,development,3,42,bangladesh_group_split_v1
"DMI, milk yield and composition.xlsx",Sheet1,525,406,4,T2,HF75,development,3,42,bangladesh_group_split_v1
"DMI, milk yield and composition.xlsx",Sheet1,526,406,5,T2,HF75,development,3,42,bangladesh_group_split_v1
"DMI, milk yield and composition.xlsx",Sheet1,527,407,1,T0,HF75,development,2,42,bangladesh_group_split_v1
"DMI, milk yield and composition.xlsx",Sheet1,528,407,2,T0,HF75,development,2,42,bangladesh_group_split_v1
"DMI, milk yield and composition.xlsx",Sheet1,529,407,3,T0,HF75,development,2,42,bangladesh_group_split_v1
"DMI, milk yield and composition.xlsx",Sheet1,530,407,4,T0,HF75,development,2,42,bangladesh_group_split_v1
"DMI, milk yield and composition.xlsx",Sheet1,531,407,5,T0,HF75,development,2,42,bangladesh_group_split_v1
"DMI, milk yield and composition.xlsx",Sheet1,532,407,1,T1,HF75,development,2,42,bangladesh_group_split_v1
"DMI, milk yield and composition.xlsx",Sheet1,533,407,2,T1,HF75,development,2,42,bangladesh_group_split_v1
"DMI, milk yield and composition.xlsx",Sheet1,534,407,3,T1,HF75,development,2,42,bangladesh_group_split_v1
"DMI, milk yield and composition.xlsx",Sheet1,535,407,4,T1,HF75,development,2,42,bangladesh_group_split_v1
"DMI, milk yield and composition.xlsx",Sheet1,536,407,5,T1,HF75,development,2,42,bangladesh_group_split_v1
"DMI, milk yield and composition.xlsx",Sheet1,537,407,1,T2,HF75,development,2,42,bangladesh_group_split_v1
"DMI, milk yield and composition.xlsx",Sheet1,538,407,2,T2,HF75,development,2,42,bangladesh_group_split_v1
"DMI, milk yield and composition.xlsx",Sheet1,539,407,3,T2,HF75,development,2,42,bangladesh_group_split_v1
"DMI, milk yield and composition.xlsx",Sheet1,540,407,4,T2,HF75,development,2,42,bangladesh_group_split_v1
"DMI, milk yield and composition.xlsx",Sheet1,541,407,5,T2,HF75,development,2,42,bangladesh_group_split_v1
"DMI, milk yield and composition.xlsx",Sheet1,542,408,1,T0,HF75,development,1,42,bangladesh_group_split_v1
"DMI, milk yield and composition.xlsx",Sheet1,543,408,2,T0,HF75,development,1,42,bangladesh_group_split_v1
"DMI, milk yield and composition.xlsx",Sheet1,544,408,3,T0,HF75,development,1,42,bangladesh_group_split_v1
"DMI, milk yield and composition.xlsx",Sheet1,545,408,4,T0,HF75,development,1,42,bangladesh_group_split_v1
"DMI, milk yield and composition.xlsx",Sheet1,546,408,5,T0,HF75,development,1,42,bangladesh_group_split_v1
"DMI, milk yield and composition.xlsx",Sheet1,547,408,1,T1,HF75,development,1,42,bangladesh_group_split_v1
"DMI, milk yield and composition.xlsx",Sheet1,548,408,2,T1,HF75,development,1,42,bangladesh_group_split_v1
"DMI, milk yield and composition.xlsx",Sheet1,549,408,3,T1,HF75,development,1,42,bangladesh_group_split_v1
"DMI, milk yield and composition.xlsx",Sheet1,550,408,4,T1,HF75,development,1,42,bangladesh_group_split_v1
"DMI, milk yield and composition.xlsx",Sheet1,551,408,5,T1,HF75,development,1,42,bangladesh_group_split_v1
"DMI, milk yield and composition.xlsx",Sheet1,552,408,1,T2,HF75,development,1,42,bangladesh_group_split_v1
"DMI, milk yield and composition.xlsx",Sheet1,553,408,2,T2,HF75,development,1,42,bangladesh_group_split_v1
"DMI, milk yield and composition.xlsx",Sheet1,554,408,3,T2,HF75,development,1,42,bangladesh_group_split_v1
"DMI, milk yield and composition.xlsx",Sheet1,555,408,4,T2,HF75,development,1,42,bangladesh_group_split_v1
"DMI, milk yield and composition.xlsx",Sheet1,556,408,5,T2,HF75,development,1,42,bangladesh_group_split_v1
"DMI, milk yield and composition.xlsx",Sheet1,557,409,1,T0,HF75,development,5,42,bangladesh_group_split_v1
"DMI, milk yield and composition.xlsx",Sheet1,558,409,2,T0,HF75,development,5,42,bangladesh_group_split_v1
"DMI, milk yield and composition.xlsx",Sheet1,559,409,3,T0,HF75,development,5,42,bangladesh_group_split_v1
"DMI, milk yield and composition.xlsx",Sheet1,560,409,4,T0,HF75,development,5,42,bangladesh_group_split_v1
"DMI, milk yield and composition.xlsx",Sheet1,561,409,5,T0,HF75,development,5,42,bangladesh_group_split_v1
"DMI, milk yield and composition.xlsx",Sheet1,562,409,1,T1,HF75,development,5,42,bangladesh_group_split_v1
"DMI, milk yield and composition.xlsx",Sheet1,563,409,2,T1,HF75,development,5,42,bangladesh_group_split_v1
"DMI, milk yield and composition.xlsx",Sheet1,564,409,3,T1,HF75,development,5,42,bangladesh_group_split_v1
"DMI, milk yield and composition.xlsx",Sheet1,565,409,4,T1,HF75,development,5,42,bangladesh_group_split_v1
"DMI, milk yield and composition.xlsx",Sheet1,566,409,5,T1,HF75,development,5,42,bangladesh_group_split_v1
"DMI, milk yield and composition.xlsx",Sheet1,567,409,1,T2,HF75,development,5,42,bangladesh_group_split_v1
"DMI, milk yield and composition.xlsx",Sheet1,568,409,2,T2,HF75,development,5,42,bangladesh_group_split_v1
"DMI, milk yield and composition.xlsx",Sheet1,569,409,3,T2,HF75,development,5,42,bangladesh_group_split_v1
"DMI, milk yield and composition.xlsx",Sheet1,570,409,4,T2,HF75,development,5,42,bangladesh_group_split_v1
"DMI, milk yield and composition.xlsx",Sheet1,571,409,5,T2,HF75,development,5,42,bangladesh_group_split_v1
"DMI, milk yield and composition.xlsx",Sheet1,572,410,1,T0,HF75,development,4,42,bangladesh_group_split_v1
"DMI, milk yield and composition.xlsx",Sheet1,573,410,2,T0,HF75,development,4,42,bangladesh_group_split_v1
"DMI, milk yield and composition.xlsx",Sheet1,574,410,3,T0,HF75,development,4,42,bangladesh_group_split_v1
"DMI, milk yield and composition.xlsx",Sheet1,575,410,4,T0,HF75,development,4,42,bangladesh_group_split_v1
"DMI, milk yield and composition.xlsx",Sheet1,576,410,5,T0,HF75,development,4,42,bangladesh_group_split_v1
"DMI, milk yield and composition.xlsx",Sheet1,577,410,1,T1,HF75,development,4,42,bangladesh_group_split_v1
"DMI, milk yield and composition.xlsx",Sheet1,578,410,2,T1,HF75,development,4,42,bangladesh_group_split_v1
"DMI, milk yield and composition.xlsx",Sheet1,579,410,3,T1,HF75,development,4,42,bangladesh_group_split_v1
"DMI, milk yield and composition.xlsx",Sheet1,580,410,4,T1,HF75,development,4,42,bangladesh_group_split_v1
"DMI, milk yield and composition.xlsx",Sheet1,581,410,5,T1,HF75,development,4,42,bangladesh_group_split_v1
"DMI, milk yield and composition.xlsx",Sheet1,582,410,1,T2,HF75,development,4,42,bangladesh_group_split_v1
"DMI, milk yield and composition.xlsx",Sheet1,583,410,2,T2,HF75,development,4,42,bangladesh_group_split_v1
"DMI, milk yield and composition.xlsx",Sheet1,584,410,3,T2,HF75,development,4,42,bangladesh_group_split_v1
"DMI, milk yield and composition.xlsx",Sheet1,585,410,4,T2,HF75,development,4,42,bangladesh_group_split_v1
"DMI, milk yield and composition.xlsx",Sheet1,586,410,5,T2,HF75,development,4,42,bangladesh_group_split_v1
"DMI, milk yield and composition.xlsx",Sheet1,587,411,1,T0,HF75,holdout,,42,bangladesh_group_split_v1
"DMI, milk yield and composition.xlsx",Sheet1,588,411,2,T0,HF75,holdout,,42,bangladesh_group_split_v1
"DMI, milk yield and composition.xlsx",Sheet1,589,411,3,T0,HF75,holdout,,42,bangladesh_group_split_v1
"DMI, milk yield and composition.xlsx",Sheet1,590,411,4,T0,HF75,holdout,,42,bangladesh_group_split_v1
"DMI, milk yield and composition.xlsx",Sheet1,591,411,5,T0,HF75,holdout,,42,bangladesh_group_split_v1
"DMI, milk yield and composition.xlsx",Sheet1,592,411,1,T1,HF75,holdout,,42,bangladesh_group_split_v1
"DMI, milk yield and composition.xlsx",Sheet1,593,411,2,T1,HF75,holdout,,42,bangladesh_group_split_v1
"DMI, milk yield and composition.xlsx",Sheet1,594,411,3,T1,HF75,holdout,,42,bangladesh_group_split_v1
"DMI, milk yield and composition.xlsx",Sheet1,595,411,4,T1,HF75,holdout,,42,bangladesh_group_split_v1
"DMI, milk yield and composition.xlsx",Sheet1,596,411,5,T1,HF75,holdout,,42,bangladesh_group_split_v1
"DMI, milk yield and composition.xlsx",Sheet1,597,411,1,T2,HF75,holdout,,42,bangladesh_group_split_v1
"DMI, milk yield and composition.xlsx",Sheet1,598,411,2,T2,HF75,holdout,,42,bangladesh_group_split_v1
"DMI, milk yield and composition.xlsx",Sheet1,599,411,3,T2,HF75,holdout,,42,bangladesh_group_split_v1
"DMI, milk yield and composition.xlsx",Sheet1,600,411,4,T2,HF75,holdout,,42,bangladesh_group_split_v1
"DMI, milk yield and composition.xlsx",Sheet1,601,411,5,T2,HF75,holdout,,42,bangladesh_group_split_v1
"DMI, milk yield and composition.xlsx",Sheet1,602,502,1,T0,HF87.5,development,3,42,bangladesh_group_split_v1
"DMI, milk yield and composition.xlsx",Sheet1,603,502,2,T0,HF87.5,development,3,42,bangladesh_group_split_v1
"DMI, milk yield and composition.xlsx",Sheet1,604,502,3,T0,HF87.5,development,3,42,bangladesh_group_split_v1
"DMI, milk yield and composition.xlsx",Sheet1,605,502,4,T0,HF87.5,development,3,42,bangladesh_group_split_v1
"DMI, milk yield and composition.xlsx",Sheet1,606,502,5,T0,HF87.5,development,3,42,bangladesh_group_split_v1
"DMI, milk yield and composition.xlsx",Sheet1,607,502,1,T1,HF87.5,development,3,42,bangladesh_group_split_v1
"DMI, milk yield and composition.xlsx",Sheet1,608,502,2,T1,HF87.5,development,3,42,bangladesh_group_split_v1
"DMI, milk yield and composition.xlsx",Sheet1,609,502,3,T1,HF87.5,development,3,42,bangladesh_group_split_v1
"DMI, milk yield and composition.xlsx",Sheet1,610,502,4,T1,HF87.5,development,3,42,bangladesh_group_split_v1
"DMI, milk yield and composition.xlsx",Sheet1,611,502,5,T1,HF87.5,development,3,42,bangladesh_group_split_v1
"DMI, milk yield and composition.xlsx",Sheet1,612,502,1,T2,HF87.5,development,3,42,bangladesh_group_split_v1
"DMI, milk yield and composition.xlsx",Sheet1,613,502,2,T2,HF87.5,development,3,42,bangladesh_group_split_v1
"DMI, milk yield and composition.xlsx",Sheet1,614,502,3,T2,HF87.5,development,3,42,bangladesh_group_split_v1
"DMI, milk yield and composition.xlsx",Sheet1,615,502,4,T2,HF87.5,development,3,42,bangladesh_group_split_v1
"DMI, milk yield and composition.xlsx",Sheet1,616,502,5,T2,HF87.5,development,3,42,bangladesh_group_split_v1
"DMI, milk yield and composition.xlsx",Sheet1,617,503,1,T0,HF87.5,development,2,42,bangladesh_group_split_v1
"DMI, milk yield and composition.xlsx",Sheet1,618,503,2,T0,HF87.5,development,2,42,bangladesh_group_split_v1
"DMI, milk yield and composition.xlsx",Sheet1,619,503,3,T0,HF87.5,development,2,42,bangladesh_group_split_v1
"DMI, milk yield and composition.xlsx",Sheet1,620,503,4,T0,HF87.5,development,2,42,bangladesh_group_split_v1
"DMI, milk yield and composition.xlsx",Sheet1,621,503,5,T0,HF87.5,development,2,42,bangladesh_group_split_v1
"DMI, milk yield and composition.xlsx",Sheet1,622,503,1,T1,HF87.5,development,2,42,bangladesh_group_split_v1
"DMI, milk yield and composition.xlsx",Sheet1,623,503,2,T1,HF87.5,development,2,42,bangladesh_group_split_v1
"DMI, milk yield and composition.xlsx",Sheet1,624,503,3,T1,HF87.5,development,2,42,bangladesh_group_split_v1
"DMI, milk yield and composition.xlsx",Sheet1,625,503,4,T1,HF87.5,development,2,42,bangladesh_group_split_v1
"DMI, milk yield and composition.xlsx",Sheet1,626,503,5,T1,HF87.5,development,2,42,bangladesh_group_split_v1
"DMI, milk yield and composition.xlsx",Sheet1,627,503,1,T2,HF87.5,development,2,42,bangladesh_group_split_v1
"DMI, milk yield and composition.xlsx",Sheet1,628,503,2,T2,HF87.5,development,2,42,bangladesh_group_split_v1
"DMI, milk yield and composition.xlsx",Sheet1,629,503,3,T2,HF87.5,development,2,42,bangladesh_group_split_v1
"DMI, milk yield and composition.xlsx",Sheet1,630,503,4,T2,HF87.5,development,2,42,bangladesh_group_split_v1
"DMI, milk yield and composition.xlsx",Sheet1,631,503,5,T2,HF87.5,development,2,42,bangladesh_group_split_v1
"DMI, milk yield and composition.xlsx",Sheet1,632,504,1,T0,HF87.5,development,1,42,bangladesh_group_split_v1
"DMI, milk yield and composition.xlsx",Sheet1,633,504,2,T0,HF87.5,development,1,42,bangladesh_group_split_v1
"DMI, milk yield and composition.xlsx",Sheet1,634,504,3,T0,HF87.5,development,1,42,bangladesh_group_split_v1
"DMI, milk yield and composition.xlsx",Sheet1,635,504,4,T0,HF87.5,development,1,42,bangladesh_group_split_v1
"DMI, milk yield and composition.xlsx",Sheet1,636,504,5,T0,HF87.5,development,1,42,bangladesh_group_split_v1
"DMI, milk yield and composition.xlsx",Sheet1,637,504,1,T1,HF87.5,development,1,42,bangladesh_group_split_v1
"DMI, milk yield and composition.xlsx",Sheet1,638,504,2,T1,HF87.5,development,1,42,bangladesh_group_split_v1
"DMI, milk yield and composition.xlsx",Sheet1,639,504,3,T1,HF87.5,development,1,42,bangladesh_group_split_v1
"DMI, milk yield and composition.xlsx",Sheet1,640,504,4,T1,HF87.5,development,1,42,bangladesh_group_split_v1
"DMI, milk yield and composition.xlsx",Sheet1,641,504,5,T1,HF87.5,development,1,42,bangladesh_group_split_v1
"DMI, milk yield and composition.xlsx",Sheet1,642,504,1,T2,HF87.5,development,1,42,bangladesh_group_split_v1
"DMI, milk yield and composition.xlsx",Sheet1,643,504,2,T2,HF87.5,development,1,42,bangladesh_group_split_v1
"DMI, milk yield and composition.xlsx",Sheet1,644,504,3,T2,HF87.5,development,1,42,bangladesh_group_split_v1
"DMI, milk yield and composition.xlsx",Sheet1,645,504,4,T2,HF87.5,development,1,42,bangladesh_group_split_v1
"DMI, milk yield and composition.xlsx",Sheet1,646,504,5,T2,HF87.5,development,1,42,bangladesh_group_split_v1
"DMI, milk yield and composition.xlsx",Sheet1,647,505,1,T0,HF87.5,development,5,42,bangladesh_group_split_v1
"DMI, milk yield and composition.xlsx",Sheet1,648,505,2,T0,HF87.5,development,5,42,bangladesh_group_split_v1
"DMI, milk yield and composition.xlsx",Sheet1,649,505,3,T0,HF87.5,development,5,42,bangladesh_group_split_v1
"DMI, milk yield and composition.xlsx",Sheet1,650,505,4,T0,HF87.5,development,5,42,bangladesh_group_split_v1
"DMI, milk yield and composition.xlsx",Sheet1,651,505,5,T0,HF87.5,development,5,42,bangladesh_group_split_v1
"DMI, milk yield and composition.xlsx",Sheet1,652,505,1,T1,HF87.5,development,5,42,bangladesh_group_split_v1
"DMI, milk yield and composition.xlsx",Sheet1,653,505,2,T1,HF87.5,development,5,42,bangladesh_group_split_v1
"DMI, milk yield and composition.xlsx",Sheet1,654,505,3,T1,HF87.5,development,5,42,bangladesh_group_split_v1
"DMI, milk yield and composition.xlsx",Sheet1,655,505,4,T1,HF87.5,development,5,42,bangladesh_group_split_v1
"DMI, milk yield and composition.xlsx",Sheet1,656,505,5,T1,HF87.5,development,5,42,bangladesh_group_split_v1
"DMI, milk yield and composition.xlsx",Sheet1,657,505,1,T2,HF87.5,development,5,42,bangladesh_group_split_v1
"DMI, milk yield and composition.xlsx",Sheet1,658,505,2,T2,HF87.5,development,5,42,bangladesh_group_split_v1
"DMI, milk yield and composition.xlsx",Sheet1,659,505,3,T2,HF87.5,development,5,42,bangladesh_group_split_v1
"DMI, milk yield and composition.xlsx",Sheet1,660,505,4,T2,HF87.5,development,5,42,bangladesh_group_split_v1
"DMI, milk yield and composition.xlsx",Sheet1,661,505,5,T2,HF87.5,development,5,42,bangladesh_group_split_v1
"DMI, milk yield and composition.xlsx",Sheet1,662,506,1,T0,HF87.5,development,4,42,bangladesh_group_split_v1
"DMI, milk yield and composition.xlsx",Sheet1,663,506,2,T0,HF87.5,development,4,42,bangladesh_group_split_v1
"DMI, milk yield and composition.xlsx",Sheet1,664,506,3,T0,HF87.5,development,4,42,bangladesh_group_split_v1
"DMI, milk yield and composition.xlsx",Sheet1,665,506,4,T0,HF87.5,development,4,42,bangladesh_group_split_v1
"DMI, milk yield and composition.xlsx",Sheet1,666,506,5,T0,HF87.5,development,4,42,bangladesh_group_split_v1
"DMI, milk yield and composition.xlsx",Sheet1,667,506,1,T1,HF87.5,development,4,42,bangladesh_group_split_v1
"DMI, milk yield and composition.xlsx",Sheet1,668,506,2,T1,HF87.5,development,4,42,bangladesh_group_split_v1
"DMI, milk yield and composition.xlsx",Sheet1,669,506,3,T1,HF87.5,development,4,42,bangladesh_group_split_v1
"DMI, milk yield and composition.xlsx",Sheet1,670,506,4,T1,HF87.5,development,4,42,bangladesh_group_split_v1
"DMI, milk yield and composition.xlsx",Sheet1,671,506,5,T1,HF87.5,development,4,42,bangladesh_group_split_v1
"DMI, milk yield and composition.xlsx",Sheet1,672,506,1,T2,HF87.5,development,4,42,bangladesh_group_split_v1
"DMI, milk yield and composition.xlsx",Sheet1,673,506,2,T2,HF87.5,development,4,42,bangladesh_group_split_v1
"DMI, milk yield and composition.xlsx",Sheet1,674,506,3,T2,HF87.5,development,4,42,bangladesh_group_split_v1
"DMI, milk yield and composition.xlsx",Sheet1,675,506,4,T2,HF87.5,development,4,42,bangladesh_group_split_v1
"DMI, milk yield and composition.xlsx",Sheet1,676,506,5,T2,HF87.5,development,4,42,bangladesh_group_split_v1
"DMI, milk yield and composition.xlsx",Sheet1,677,507,1,T0,HF87.5,holdout,,42,bangladesh_group_split_v1
"DMI, milk yield and composition.xlsx",Sheet1,678,507,2,T0,HF87.5,holdout,,42,bangladesh_group_split_v1
"DMI, milk yield and composition.xlsx",Sheet1,679,507,3,T0,HF87.5,holdout,,42,bangladesh_group_split_v1
"DMI, milk yield and composition.xlsx",Sheet1,680,507,4,T0,HF87.5,holdout,,42,bangladesh_group_split_v1
"DMI, milk yield and composition.xlsx",Sheet1,681,507,5,T0,HF87.5,holdout,,42,bangladesh_group_split_v1
"DMI, milk yield and composition.xlsx",Sheet1,682,507,1,T1,HF87.5,holdout,,42,bangladesh_group_split_v1
"DMI, milk yield and composition.xlsx",Sheet1,683,507,2,T1,HF87.5,holdout,,42,bangladesh_group_split_v1
"DMI, milk yield and composition.xlsx",Sheet1,684,507,3,T1,HF87.5,holdout,,42,bangladesh_group_split_v1
"DMI, milk yield and composition.xlsx",Sheet1,685,507,4,T1,HF87.5,holdout,,42,bangladesh_group_split_v1
"DMI, milk yield and composition.xlsx",Sheet1,686,507,5,T1,HF87.5,holdout,,42,bangladesh_group_split_v1
"DMI, milk yield and composition.xlsx",Sheet1,687,507,1,T2,HF87.5,holdout,,42,bangladesh_group_split_v1
"DMI, milk yield and composition.xlsx",Sheet1,688,507,2,T2,HF87.5,holdout,,42,bangladesh_group_split_v1
"DMI, milk yield and composition.xlsx",Sheet1,689,507,3,T2,HF87.5,holdout,,42,bangladesh_group_split_v1
"DMI, milk yield and composition.xlsx",Sheet1,690,507,4,T2,HF87.5,holdout,,42,bangladesh_group_split_v1
"DMI, milk yield and composition.xlsx",Sheet1,691,507,5,T2,HF87.5,holdout,,42,bangladesh_group_split_v1
"DMI, milk yield and composition.xlsx",Sheet1,692,508,1,T0,HF87.5,development,3,42,bangladesh_group_split_v1
"DMI, milk yield and composition.xlsx",Sheet1,693,508,2,T0,HF87.5,development,3,42,bangladesh_group_split_v1
"DMI, milk yield and composition.xlsx",Sheet1,694,508,3,T0,HF87.5,development,3,42,bangladesh_group_split_v1
"DMI, milk yield and composition.xlsx",Sheet1,695,508,4,T0,HF87.5,development,3,42,bangladesh_group_split_v1
"DMI, milk yield and composition.xlsx",Sheet1,696,508,5,T0,HF87.5,development,3,42,bangladesh_group_split_v1
"DMI, milk yield and composition.xlsx",Sheet1,697,508,1,T1,HF87.5,development,3,42,bangladesh_group_split_v1
"DMI, milk yield and composition.xlsx",Sheet1,698,508,2,T1,HF87.5,development,3,42,bangladesh_group_split_v1
"DMI, milk yield and composition.xlsx",Sheet1,699,508,3,T1,HF87.5,development,3,42,bangladesh_group_split_v1
"DMI, milk yield and composition.xlsx",Sheet1,700,508,4,T1,HF87.5,development,3,42,bangladesh_group_split_v1
"DMI, milk yield and composition.xlsx",Sheet1,701,508,5,T1,HF87.5,development,3,42,bangladesh_group_split_v1
"DMI, milk yield and composition.xlsx",Sheet1,702,508,1,T2,HF87.5,development,3,42,bangladesh_group_split_v1
"DMI, milk yield and composition.xlsx",Sheet1,703,508,2,T2,HF87.5,development,3,42,bangladesh_group_split_v1
"DMI, milk yield and composition.xlsx",Sheet1,704,508,3,T2,HF87.5,development,3,42,bangladesh_group_split_v1
"DMI, milk yield and composition.xlsx",Sheet1,705,508,4,T2,HF87.5,development,3,42,bangladesh_group_split_v1
"DMI, milk yield and composition.xlsx",Sheet1,706,508,5,T2,HF87.5,development,3,42,bangladesh_group_split_v1
"DMI, milk yield and composition.xlsx",Sheet1,707,509,1,T0,HF87.5,development,2,42,bangladesh_group_split_v1
"DMI, milk yield and composition.xlsx",Sheet1,708,509,2,T0,HF87.5,development,2,42,bangladesh_group_split_v1
"DMI, milk yield and composition.xlsx",Sheet1,709,509,3,T0,HF87.5,development,2,42,bangladesh_group_split_v1
"DMI, milk yield and composition.xlsx",Sheet1,710,509,4,T0,HF87.5,development,2,42,bangladesh_group_split_v1
"DMI, milk yield and composition.xlsx",Sheet1,711,509,5,T0,HF87.5,development,2,42,bangladesh_group_split_v1
"DMI, milk yield and composition.xlsx",Sheet1,712,509,1,T1,HF87.5,development,2,42,bangladesh_group_split_v1
"DMI, milk yield and composition.xlsx",Sheet1,713,509,2,T1,HF87.5,development,2,42,bangladesh_group_split_v1
"DMI, milk yield and composition.xlsx",Sheet1,714,509,3,T1,HF87.5,development,2,42,bangladesh_group_split_v1
"DMI, milk yield and composition.xlsx",Sheet1,715,509,4,T1,HF87.5,development,2,42,bangladesh_group_split_v1
"DMI, milk yield and composition.xlsx",Sheet1,716,509,5,T1,HF87.5,development,2,42,bangladesh_group_split_v1
"DMI, milk yield and composition.xlsx",Sheet1,717,509,1,T2,HF87.5,development,2,42,bangladesh_group_split_v1
"DMI, milk yield and composition.xlsx",Sheet1,718,509,2,T2,HF87.5,development,2,42,bangladesh_group_split_v1
"DMI, milk yield and composition.xlsx",Sheet1,719,509,3,T2,HF87.5,development,2,42,bangladesh_group_split_v1
"DMI, milk yield and composition.xlsx",Sheet1,720,509,4,T2,HF87.5,development,2,42,bangladesh_group_split_v1
"DMI, milk yield and composition.xlsx",Sheet1,721,509,5,T2,HF87.5,development,2,42,bangladesh_group_split_v1
"DMI, milk yield and composition.xlsx",Sheet1,722,510,1,T0,HF87.5,holdout,,42,bangladesh_group_split_v1
"DMI, milk yield and composition.xlsx",Sheet1,723,510,2,T0,HF87.5,holdout,,42,bangladesh_group_split_v1
"DMI, milk yield and composition.xlsx",Sheet1,724,510,3,T0,HF87.5,holdout,,42,bangladesh_group_split_v1
"DMI, milk yield and composition.xlsx",Sheet1,725,510,4,T0,HF87.5,holdout,,42,bangladesh_group_split_v1
"DMI, milk yield and composition.xlsx",Sheet1,726,510,5,T0,HF87.5,holdout,,42,bangladesh_group_split_v1
"DMI, milk yield and composition.xlsx",Sheet1,727,510,1,T1,HF87.5,holdout,,42,bangladesh_group_split_v1
"DMI, milk yield and composition.xlsx",Sheet1,728,510,2,T1,HF87.5,holdout,,42,bangladesh_group_split_v1
"DMI, milk yield and composition.xlsx",Sheet1,729,510,3,T1,HF87.5,holdout,,42,bangladesh_group_split_v1
"DMI, milk yield and composition.xlsx",Sheet1,730,510,4,T1,HF87.5,holdout,,42,bangladesh_group_split_v1
"DMI, milk yield and composition.xlsx",Sheet1,731,510,5,T1,HF87.5,holdout,,42,bangladesh_group_split_v1
"DMI, milk yield and composition.xlsx",Sheet1,732,510,1,T2,HF87.5,holdout,,42,bangladesh_group_split_v1
"DMI, milk yield and composition.xlsx",Sheet1,733,510,2,T2,HF87.5,holdout,,42,bangladesh_group_split_v1
"DMI, milk yield and composition.xlsx",Sheet1,734,510,3,T2,HF87.5,holdout,,42,bangladesh_group_split_v1
"DMI, milk yield and composition.xlsx",Sheet1,735,510,4,T2,HF87.5,holdout,,42,bangladesh_group_split_v1
"DMI, milk yield and composition.xlsx",Sheet1,736,510,5,T2,HF87.5,holdout,,42,bangladesh_group_split_v1
"DMI, milk yield and composition.xlsx",Sheet1,737,511,1,T0,HF87.5,development,1,42,bangladesh_group_split_v1
"DMI, milk yield and composition.xlsx",Sheet1,738,511,2,T0,HF87.5,development,1,42,bangladesh_group_split_v1
"DMI, milk yield and composition.xlsx",Sheet1,739,511,3,T0,HF87.5,development,1,42,bangladesh_group_split_v1
"DMI, milk yield and composition.xlsx",Sheet1,740,511,4,T0,HF87.5,development,1,42,bangladesh_group_split_v1
"DMI, milk yield and composition.xlsx",Sheet1,741,511,5,T0,HF87.5,development,1,42,bangladesh_group_split_v1
"DMI, milk yield and composition.xlsx",Sheet1,742,511,1,T1,HF87.5,development,1,42,bangladesh_group_split_v1
"DMI, milk yield and composition.xlsx",Sheet1,743,511,2,T1,HF87.5,development,1,42,bangladesh_group_split_v1
"DMI, milk yield and composition.xlsx",Sheet1,744,511,3,T1,HF87.5,development,1,42,bangladesh_group_split_v1
"DMI, milk yield and composition.xlsx",Sheet1,745,511,4,T1,HF87.5,development,1,42,bangladesh_group_split_v1
"DMI, milk yield and composition.xlsx",Sheet1,746,511,5,T1,HF87.5,development,1,42,bangladesh_group_split_v1
"DMI, milk yield and composition.xlsx",Sheet1,747,511,1,T2,HF87.5,development,1,42,bangladesh_group_split_v1
"DMI, milk yield and composition.xlsx",Sheet1,748,511,2,T2,HF87.5,development,1,42,bangladesh_group_split_v1
"DMI, milk yield and composition.xlsx",Sheet1,749,511,3,T2,HF87.5,development,1,42,bangladesh_group_split_v1
"DMI, milk yield and composition.xlsx",Sheet1,750,511,4,T2,HF87.5,development,1,42,bangladesh_group_split_v1
"DMI, milk yield and composition.xlsx",Sheet1,751,511,5,T2,HF87.5,development,1,42,bangladesh_group_split_v1
